회사명,국가,레벨,채널목록,연락처,이메일,URL
뉴트리원,국내,A,"사람인, 원티드",,help@saramin.co.kr,"https://www.saramin.co.kr/zf_user/jobs/relay/view?view_type=search&rec_idx=53809401&location=ts&searchword=%ED%81%90%ED%85%90&searchType=search&paid_fl=n&search_uuid=8e2f5fde-8607-466d-9b51-96ad3a785e16, https://www.wanted.co.kr/wd/360073"
(유)프리티스킨인터내셔널,국내,B,사람인,,help@saramin.co.kr,https://www.saramin.co.kr/zf_user/jobs/relay/view?view_type=search&rec_idx=54201756&location=ts&searchword=%ED%81%90%ED%85%90&searchType=search&paid_fl=n&search_uuid=8e2f5fde-8607-466d-9b51-96ad3a785e16
(주)360퍼스펙티브,국내,B,사람인,,job@thefounders.kr,https://www.saramin.co.kr/zf_user/jobs/relay/view?view_type=search&rec_idx=53982649&location=ts&searchword=%ED%81%90%ED%85%90&searchType=search&paid_fl=n&search_uuid=a24df5a6-1b60-47c9-9dfd-5d12e2cb542d
(주)HR컨설팅그룹,국내,B,사람인,,"help@saramin.co.kr, job@thefounders.kr","https://www.saramin.co.kr/zf_user/jobs/relay/view?view_type=search&rec_idx=54130196&location=ts&searchword=%ED%81%90%ED%85%90&searchType=search&paid_fl=n&search_uuid=cfcd95c5-d509-4736-96db-e50f64a65477, https://www.saramin.co.kr/zf_user/jobs/relay/view?view_type=search&rec_idx=54130205&location=ts&searchword=%ED%81%90%ED%85%90&searchType=search&paid_fl=n&search_uuid=cfcd95c5-d509-4736-96db-e50f64a65477, https://www.saramin.co.kr/zf_user/jobs/relay/view?view_type=search&rec_idx=54130220&location=ts&searchword=%ED%81%90%ED%85%90&searchType=search&paid_fl=n&search_uuid=cfcd95c5-d509-4736-96db-e50f64a65477, https://www.saramin.co.kr/zf_user/jobs/relay/view?view_type=search&rec_idx=54130228&location=ts&searchword=%ED%81%90%ED%85%90&searchType=search&paid_fl=n&search_uuid=1ec0869b-d764-4591-b54a-13718682734f"
(주)글로벌스카우트,국내,B,사람인,,job@thefounders.kr,https://www.saramin.co.kr/zf_user/jobs/relay/view?view_type=search&rec_idx=54267374&location=ts&searchword=%ED%81%90%ED%85%90&searchType=search&paid_fl=n&search_uuid=1ec0869b-d764-4591-b54a-13718682734f
(주)김정문알로에,국내,B,사람인,,job@thefounders.kr,https://www.saramin.co.kr/zf_user/jobs/relay/view?view_type=search&rec_idx=54060925&location=ts&searchword=%ED%81%90%ED%85%90&searchType=search&paid_fl=n&search_uuid=8e2f5fde-8607-466d-9b51-96ad3a785e16
(주)네오미래,국내,B,사람인,,help@saramin.co.kr,https://www.saramin.co.kr/zf_user/jobs/relay/view?view_type=search&rec_idx=54039983&location=ts&searchword=%ED%81%90%ED%85%90&searchType=search&paid_fl=n&search_uuid=8e2f5fde-8607-466d-9b51-96ad3a785e16
(주)네이처리퍼블릭,국내,B,사람인,,help@saramin.co.kr,https://www.saramin.co.kr/zf_user/jobs/relay/view?view_type=search&rec_idx=54108666&location=ts&searchword=%ED%81%90%ED%85%90&searchType=search&paid_fl=n&search_uuid=8e2f5fde-8607-466d-9b51-96ad3a785e16
(주)달바글로벌,국내,B,사람인,,help@saramin.co.kr,https://www.saramin.co.kr/zf_user/jobs/relay/view?view_type=search&rec_idx=54224710&location=ts&searchword=%ED%81%90%ED%85%90&searchType=search&paid_fl=n&search_uuid=8e2f5fde-8607-466d-9b51-96ad3a785e16
(주)더엑시스,국내,B,사람인,,help@saramin.co.kr,"https://www.saramin.co.kr/zf_user/jobs/relay/view?view_type=search&rec_idx=54187951&location=ts&searchword=%ED%81%90%ED%85%90&searchType=search&paid_fl=n&search_uuid=6192c8e9-ce72-4138-a639-60650fbf119d, https://www.saramin.co.kr/zf_user/jobs/relay/view?view_type=search&rec_idx=54188017&location=ts&searchword=%ED%81%90%ED%85%90&searchType=search&paid_fl=n&search_uuid=cfcd95c5-d509-4736-96db-e50f64a65477"
(주)더컴퍼니유,국내,B,사람인,,help@saramin.co.kr,https://www.saramin.co.kr/zf_user/jobs/relay/view?view_type=search&rec_idx=53980837&location=ts&searchword=%ED%81%90%ED%85%90&searchType=search&paid_fl=n&search_uuid=1ec0869b-d764-4591-b54a-13718682734f
(주)더파운더즈,국내,B,사람인,,job@thefounders.kr,https://www.saramin.co.kr/zf_user/jobs/relay/view?view_type=search&rec_idx=54147919&location=ts&searchword=%ED%81%90%ED%85%90&searchType=search&paid_fl=n&search_uuid=6192c8e9-ce72-4138-a639-60650fbf119d
(주)더프레임리스,국내,B,사람인,,help@saramin.co.kr,https://www.saramin.co.kr/zf_user/jobs/relay/view?view_type=search&rec_idx=54183496&location=ts&searchword=%ED%81%90%ED%85%90&searchType=search&paid_fl=n&search_uuid=1ec0869b-d764-4591-b54a-13718682734f
(주)데이지에스앤씨,국내,B,사람인,,help@saramin.co.kr,https://www.saramin.co.kr/zf_user/jobs/relay/view?view_type=search&rec_idx=54158561&location=ts&searchword=%ED%81%90%ED%85%90&searchType=search&paid_fl=n&search_uuid=8e2f5fde-8607-466d-9b51-96ad3a785e16
(주)디에스네이처,국내,B,사람인,,help@saramin.co.kr,"https://www.saramin.co.kr/zf_user/jobs/relay/view?view_type=search&rec_idx=54037653&location=ts&searchword=%ED%81%90%ED%85%90&searchType=search&paid_fl=n&search_uuid=a24df5a6-1b60-47c9-9dfd-5d12e2cb542d, https://www.saramin.co.kr/zf_user/jobs/relay/view?view_type=search&rec_idx=54037655&location=ts&searchword=%ED%81%90%ED%85%90&searchType=search&paid_fl=n&search_uuid=a24df5a6-1b60-47c9-9dfd-5d12e2cb542d"
(주)디엔코스메틱스,국내,B,사람인,,help@saramin.co.kr,https://www.saramin.co.kr/zf_user/jobs/relay/view?view_type=search&rec_idx=54015626&location=ts&searchword=%ED%81%90%ED%85%90&searchType=search&paid_fl=n&search_uuid=6192c8e9-ce72-4138-a639-60650fbf119d
(주)라이프스타일프로젝트,국내,B,사람인,,"handok-hr@handok.com, help@saramin.co.kr","https://www.saramin.co.kr/zf_user/jobs/relay/view?view_type=search&rec_idx=53776377&location=ts&searchword=%ED%81%90%ED%85%90&searchType=search&paid_fl=n&search_uuid=cfcd95c5-d509-4736-96db-e50f64a65477, https://www.saramin.co.kr/zf_user/jobs/relay/view?view_type=search&rec_idx=53781638&location=ts&searchword=%ED%81%90%ED%85%90&searchType=search&paid_fl=n&search_uuid=cfcd95c5-d509-4736-96db-e50f64a65477, https://www.saramin.co.kr/zf_user/jobs/relay/view?view_type=search&rec_idx=53781644&location=ts&searchword=%ED%81%90%ED%85%90&searchType=search&paid_fl=n&search_uuid=8e2f5fde-8607-466d-9b51-96ad3a785e16, https://www.saramin.co.kr/zf_user/jobs/relay/view?view_type=search&rec_idx=53781644&location=ts&searchword=%ED%81%90%ED%85%90&searchType=search&paid_fl=n&search_uuid=cfcd95c5-d509-4736-96db-e50f64a65477, https://www.saramin.co.kr/zf_user/jobs/relay/view?view_type=search&rec_idx=53854518&location=ts&searchword=%ED%81%90%ED%85%90&searchType=search&paid_fl=n&search_uuid=cfcd95c5-d509-4736-96db-e50f64a65477, https://www.saramin.co.kr/zf_user/jobs/relay/view?view_type=search&rec_idx=54017288&location=ts&searchword=%ED%81%90%ED%85%90&searchType=search&paid_fl=n&search_uuid=6192c8e9-ce72-4138-a639-60650fbf119d, https://www.saramin.co.kr/zf_user/jobs/relay/view?view_type=search&rec_idx=54104574&location=ts&searchword=%ED%81%90%ED%85%90&searchType=search&paid_fl=n&search_uuid=6192c8e9-ce72-4138-a639-60650fbf119d, https://www.saramin.co.kr/zf_user/jobs/relay/view?view_type=search&rec_idx=54104574&location=ts&searchword=%ED%81%90%ED%85%90&searchType=search&paid_fl=n&search_uuid=a24df5a6-1b60-47c9-9dfd-5d12e2cb542d, https://www.saramin.co.kr/zf_user/jobs/relay/view?view_type=search&rec_idx=54132432&location=ts&searchword=%ED%81%90%ED%85%90&searchType=search&paid_fl=n&search_uuid=cfcd95c5-d509-4736-96db-e50f64a65477, https://www.saramin.co.kr/zf_user/jobs/relay/view?view_type=search&rec_idx=54227674&location=ts&searchword=%ED%81%90%ED%85%90&searchType=search&paid_fl=n&search_uuid=1ec0869b-d764-4591-b54a-13718682734f, https://www.saramin.co.kr/zf_user/jobs/relay/view?view_type=search&rec_idx=54260924&location=ts&searchword=%ED%81%90%ED%85%90&searchType=search&paid_fl=n&search_uuid=a24df5a6-1b60-47c9-9dfd-5d12e2cb542d, https://www.saramin.co.kr/zf_user/jobs/relay/view?view_type=search&rec_idx=54260937&location=ts&searchword=%ED%81%90%ED%85%90&searchType=search&paid_fl=n&search_uuid=a24df5a6-1b60-47c9-9dfd-5d12e2cb542d"
(주)라큐로스,국내,B,사람인,,help@saramin.co.kr,https://www.saramin.co.kr/zf_user/jobs/relay/view?view_type=search&rec_idx=54266263&location=ts&searchword=%ED%81%90%ED%85%90&searchType=search&paid_fl=n&search_uuid=8e2f5fde-8607-466d-9b51-96ad3a785e16
(주)리브,국내,B,사람인,,help@saramin.co.kr,https://www.saramin.co.kr/zf_user/jobs/relay/view?view_type=search&rec_idx=54150936&location=ts&searchword=%ED%81%90%ED%85%90&searchType=search&paid_fl=n&search_uuid=cfcd95c5-d509-4736-96db-e50f64a65477
(주)마녀공장,국내,B,사람인,,help@saramin.co.kr,https://www.saramin.co.kr/zf_user/jobs/relay/view?view_type=search&rec_idx=54188246&location=ts&searchword=%ED%81%90%ED%85%90&searchType=search&paid_fl=n&search_uuid=1ec0869b-d764-4591-b54a-13718682734f
(주)마르시끄,국내,B,사람인,,help@saramin.co.kr,https://www.saramin.co.kr/zf_user/jobs/relay/view?view_type=search&rec_idx=54256449&location=ts&searchword=%ED%81%90%ED%85%90&searchType=search&paid_fl=n&search_uuid=6192c8e9-ce72-4138-a639-60650fbf119d
(주)마이더스에이치알,국내,B,사람인,,help@saramin.co.kr,https://www.saramin.co.kr/zf_user/jobs/relay/view?view_type=search&rec_idx=54212488&location=ts&searchword=%ED%81%90%ED%85%90&searchType=search&paid_fl=n&search_uuid=8e2f5fde-8607-466d-9b51-96ad3a785e16
(주)마이쏜즈,국내,B,사람인,,help@saramin.co.kr,https://www.saramin.co.kr/zf_user/jobs/relay/view?view_type=search&rec_idx=54194427&location=ts&searchword=%ED%81%90%ED%85%90&searchType=search&paid_fl=n&search_uuid=a24df5a6-1b60-47c9-9dfd-5d12e2cb542d
(주)마이커머스,국내,B,사람인,,hr@mycommerc.com,https://www.saramin.co.kr/zf_user/jobs/relay/view?view_type=search&rec_idx=54245171&location=ts&searchword=%ED%81%90%ED%85%90&searchType=search&paid_fl=n&search_uuid=8e2f5fde-8607-466d-9b51-96ad3a785e16
(주)매그니프,국내,B,사람인,,"help@saramin.co.kr, sally@prohanzkorea.co.kr","https://www.saramin.co.kr/zf_user/jobs/relay/view?view_type=search&rec_idx=53820474&location=ts&searchword=%ED%81%90%ED%85%90&searchType=search&paid_fl=n&search_uuid=6192c8e9-ce72-4138-a639-60650fbf119d, https://www.saramin.co.kr/zf_user/jobs/relay/view?view_type=search&rec_idx=53820474&location=ts&searchword=%ED%81%90%ED%85%90&searchType=search&paid_fl=n&search_uuid=cfcd95c5-d509-4736-96db-e50f64a65477, https://www.saramin.co.kr/zf_user/jobs/relay/view?view_type=search&rec_idx=53998326&location=ts&searchword=%ED%81%90%ED%85%90&searchType=search&paid_fl=n&search_uuid=6192c8e9-ce72-4138-a639-60650fbf119d, https://www.saramin.co.kr/zf_user/jobs/relay/view?view_type=search&rec_idx=53998326&location=ts&searchword=%ED%81%90%ED%85%90&searchType=search&paid_fl=n&search_uuid=cfcd95c5-d509-4736-96db-e50f64a65477, https://www.saramin.co.kr/zf_user/jobs/relay/view?view_type=search&rec_idx=54206885&location=ts&searchword=%ED%81%90%ED%85%90&searchType=search&paid_fl=n&search_uuid=8e2f5fde-8607-466d-9b51-96ad3a785e16"
(주)메디테라피,국내,B,사람인,,"help@saramin.co.kr, job@thefounders.kr","https://www.saramin.co.kr/zf_user/jobs/relay/view?view_type=search&rec_idx=54012608&location=ts&searchword=%ED%81%90%ED%85%90&searchType=search&paid_fl=n&search_uuid=a24df5a6-1b60-47c9-9dfd-5d12e2cb542d, https://www.saramin.co.kr/zf_user/jobs/relay/view?view_type=search&rec_idx=54013568&location=ts&searchword=%ED%81%90%ED%85%90&searchType=search&paid_fl=n&search_uuid=1ec0869b-d764-4591-b54a-13718682734f"
(주)메타써치,국내,B,사람인,,help@saramin.co.kr,"https://www.saramin.co.kr/zf_user/jobs/relay/view?view_type=search&rec_idx=54204214&location=ts&searchword=%ED%81%90%ED%85%90&searchType=search&paid_fl=n&search_uuid=6192c8e9-ce72-4138-a639-60650fbf119d, https://www.saramin.co.kr/zf_user/jobs/relay/view?view_type=search&rec_idx=54259880&location=ts&searchword=%ED%81%90%ED%85%90&searchType=search&paid_fl=n&search_uuid=6192c8e9-ce72-4138-a639-60650fbf119d"
(주)바이잇,국내,B,사람인,,help@saramin.co.kr,https://www.saramin.co.kr/zf_user/jobs/relay/view?view_type=search&rec_idx=54214685&location=ts&searchword=%ED%81%90%ED%85%90&searchType=search&paid_fl=n&search_uuid=6192c8e9-ce72-4138-a639-60650fbf119d
(주)바이트랩,국내,B,사람인,,help@saramin.co.kr,"https://www.saramin.co.kr/zf_user/jobs/relay/view?view_type=search&rec_idx=54049509&location=ts&searchword=%ED%81%90%ED%85%90&searchType=search&paid_fl=n&search_uuid=1ec0869b-d764-4591-b54a-13718682734f, https://www.saramin.co.kr/zf_user/jobs/relay/view?view_type=search&rec_idx=54180393&location=ts&searchword=%ED%81%90%ED%85%90&searchType=search&paid_fl=n&search_uuid=1ec0869b-d764-4591-b54a-13718682734f, https://www.saramin.co.kr/zf_user/jobs/relay/view?view_type=search&rec_idx=54213572&location=ts&searchword=%ED%81%90%ED%85%90&searchType=search&paid_fl=n&search_uuid=a24df5a6-1b60-47c9-9dfd-5d12e2cb542d, https://www.saramin.co.kr/zf_user/jobs/relay/view?view_type=search&rec_idx=54270046&location=ts&searchword=%ED%81%90%ED%85%90&searchType=search&paid_fl=n&search_uuid=1ec0869b-d764-4591-b54a-13718682734f"
(주)바임,국내,B,사람인,,help@saramin.co.kr,https://www.saramin.co.kr/zf_user/jobs/relay/view?view_type=search&rec_idx=54259272&location=ts&searchword=%ED%81%90%ED%85%90&searchType=search&paid_fl=n&search_uuid=8e2f5fde-8607-466d-9b51-96ad3a785e16
(주)백그라운드,국내,B,사람인,,help@saramin.co.kr,"https://www.saramin.co.kr/zf_user/jobs/relay/view?view_type=search&rec_idx=54234708&location=ts&searchword=%ED%81%90%ED%85%90&searchType=search&paid_fl=n&search_uuid=6192c8e9-ce72-4138-a639-60650fbf119d, https://www.saramin.co.kr/zf_user/jobs/relay/view?view_type=search&rec_idx=54234728&location=ts&searchword=%ED%81%90%ED%85%90&searchType=search&paid_fl=n&search_uuid=6192c8e9-ce72-4138-a639-60650fbf119d, https://www.saramin.co.kr/zf_user/jobs/relay/view?view_type=search&rec_idx=54265855&location=ts&searchword=%ED%81%90%ED%85%90&searchType=search&paid_fl=n&search_uuid=cfcd95c5-d509-4736-96db-e50f64a65477"
(주)버디네트웍스,국내,B,사람인,,help@saramin.co.kr,https://www.saramin.co.kr/zf_user/jobs/relay/view?view_type=search&rec_idx=54078070&location=ts&searchword=%ED%81%90%ED%85%90&searchType=search&paid_fl=n&search_uuid=cfcd95c5-d509-4736-96db-e50f64a65477
(주)베로스컨설팅그룹,국내,B,사람인,,help@saramin.co.kr,https://www.saramin.co.kr/zf_user/jobs/relay/view?view_type=search&rec_idx=54211347&location=ts&searchword=%ED%81%90%ED%85%90&searchType=search&paid_fl=n&search_uuid=a24df5a6-1b60-47c9-9dfd-5d12e2cb542d
(주)베스트이노베이션,국내,B,사람인,,help@saramin.co.kr,https://www.saramin.co.kr/zf_user/jobs/relay/view?view_type=search&rec_idx=53760549&location=ts&searchword=%ED%81%90%ED%85%90&searchType=search&paid_fl=n&search_uuid=6192c8e9-ce72-4138-a639-60650fbf119d
(주)부스터스,국내,B,사람인,,hr@boosters.kr,https://www.saramin.co.kr/zf_user/jobs/relay/view?view_type=search&rec_idx=54265960&location=ts&searchword=%ED%81%90%ED%85%90&searchType=search&paid_fl=n&search_uuid=cfcd95c5-d509-4736-96db-e50f64a65477
(주)부스트랩,국내,B,사람인,,"help@saramin.co.kr, job@thefounders.kr, recruit@boostlab.kr","https://www.saramin.co.kr/zf_user/jobs/relay/view?view_type=search&rec_idx=53964779&location=ts&searchword=%ED%81%90%ED%85%90&searchType=search&paid_fl=n&search_uuid=6192c8e9-ce72-4138-a639-60650fbf119d, https://www.saramin.co.kr/zf_user/jobs/relay/view?view_type=search&rec_idx=54138510&location=ts&searchword=%ED%81%90%ED%85%90&searchType=search&paid_fl=n&search_uuid=a24df5a6-1b60-47c9-9dfd-5d12e2cb542d, https://www.saramin.co.kr/zf_user/jobs/relay/view?view_type=search&rec_idx=54149152&location=ts&searchword=%ED%81%90%ED%85%90&searchType=search&paid_fl=n&search_uuid=a24df5a6-1b60-47c9-9dfd-5d12e2cb542d, https://www.saramin.co.kr/zf_user/jobs/relay/view?view_type=search&rec_idx=54149196&location=ts&searchword=%ED%81%90%ED%85%90&searchType=search&paid_fl=n&search_uuid=a24df5a6-1b60-47c9-9dfd-5d12e2cb542d, https://www.saramin.co.kr/zf_user/jobs/relay/view?view_type=search&rec_idx=54149263&location=ts&searchword=%ED%81%90%ED%85%90&searchType=search&paid_fl=n&search_uuid=a24df5a6-1b60-47c9-9dfd-5d12e2cb542d, https://www.saramin.co.kr/zf_user/jobs/relay/view?view_type=search&rec_idx=54149294&location=ts&searchword=%ED%81%90%ED%85%90&searchType=search&paid_fl=n&search_uuid=a24df5a6-1b60-47c9-9dfd-5d12e2cb542d, https://www.saramin.co.kr/zf_user/jobs/relay/view?view_type=search&rec_idx=54160982&location=ts&searchword=%ED%81%90%ED%85%90&searchType=search&paid_fl=n&search_uuid=cfcd95c5-d509-4736-96db-e50f64a65477, https://www.saramin.co.kr/zf_user/jobs/relay/view?view_type=search&rec_idx=54273011&location=ts&searchword=%ED%81%90%ED%85%90&searchType=search&paid_fl=n&search_uuid=a24df5a6-1b60-47c9-9dfd-5d12e2cb542d"
(주)브이티코스메틱,국내,B,사람인,,help@saramin.co.kr,"https://www.saramin.co.kr/zf_user/jobs/relay/view?view_type=search&rec_idx=54229163&location=ts&searchword=%ED%81%90%ED%85%90&searchType=search&paid_fl=n&search_uuid=6192c8e9-ce72-4138-a639-60650fbf119d, https://www.saramin.co.kr/zf_user/jobs/relay/view?view_type=search&rec_idx=54229175&location=ts&searchword=%ED%81%90%ED%85%90&searchType=search&paid_fl=n&search_uuid=6192c8e9-ce72-4138-a639-60650fbf119d, https://www.saramin.co.kr/zf_user/jobs/relay/view?view_type=search&rec_idx=54229234&location=ts&searchword=%ED%81%90%ED%85%90&searchType=search&paid_fl=n&search_uuid=6192c8e9-ce72-4138-a639-60650fbf119d, https://www.saramin.co.kr/zf_user/jobs/relay/view?view_type=search&rec_idx=54229243&location=ts&searchword=%ED%81%90%ED%85%90&searchType=search&paid_fl=n&search_uuid=6192c8e9-ce72-4138-a639-60650fbf119d, https://www.saramin.co.kr/zf_user/jobs/relay/view?view_type=search&rec_idx=54229246&location=ts&searchword=%ED%81%90%ED%85%90&searchType=search&paid_fl=n&search_uuid=a24df5a6-1b60-47c9-9dfd-5d12e2cb542d, https://www.saramin.co.kr/zf_user/jobs/relay/view?view_type=search&rec_idx=54230883&location=ts&searchword=%ED%81%90%ED%85%90&searchType=search&paid_fl=n&search_uuid=6192c8e9-ce72-4138-a639-60650fbf119d, https://www.saramin.co.kr/zf_user/jobs/relay/view?view_type=search&rec_idx=54259568&location=ts&searchword=%ED%81%90%ED%85%90&searchType=search&paid_fl=n&search_uuid=a24df5a6-1b60-47c9-9dfd-5d12e2cb542d, https://www.saramin.co.kr/zf_user/jobs/relay/view?view_type=search&rec_idx=54259628&location=ts&searchword=%ED%81%90%ED%85%90&searchType=search&paid_fl=n&search_uuid=6192c8e9-ce72-4138-a639-60650fbf119d"
(주)사람인에이치에스,국내,B,사람인,,"help@saramin.co.kr, syh@saraminhs.co.kr","https://www.saramin.co.kr/zf_user/jobs/relay/view?view_type=search&rec_idx=53919121&location=ts&searchword=%ED%81%90%ED%85%90&searchType=search&paid_fl=n&search_uuid=a24df5a6-1b60-47c9-9dfd-5d12e2cb542d, https://www.saramin.co.kr/zf_user/jobs/relay/view?view_type=search&rec_idx=54245547&location=ts&searchword=%ED%81%90%ED%85%90&searchType=search&paid_fl=n&search_uuid=6192c8e9-ce72-4138-a639-60650fbf119d"
(주)셀로라,국내,B,사람인,,help@saramin.co.kr,"https://www.saramin.co.kr/zf_user/jobs/relay/view?view_type=search&rec_idx=54160222&location=ts&searchword=%ED%81%90%ED%85%90&searchType=search&paid_fl=n&search_uuid=1ec0869b-d764-4591-b54a-13718682734f, https://www.saramin.co.kr/zf_user/jobs/relay/view?view_type=search&rec_idx=54160350&location=ts&searchword=%ED%81%90%ED%85%90&searchType=search&paid_fl=n&search_uuid=1ec0869b-d764-4591-b54a-13718682734f, https://www.saramin.co.kr/zf_user/jobs/relay/view?view_type=search&rec_idx=54160366&location=ts&searchword=%ED%81%90%ED%85%90&searchType=search&paid_fl=n&search_uuid=1ec0869b-d764-4591-b54a-13718682734f, https://www.saramin.co.kr/zf_user/jobs/relay/view?view_type=search&rec_idx=54161151&location=ts&searchword=%ED%81%90%ED%85%90&searchType=search&paid_fl=n&search_uuid=1ec0869b-d764-4591-b54a-13718682734f, https://www.saramin.co.kr/zf_user/jobs/relay/view?view_type=search&rec_idx=54161538&location=ts&searchword=%ED%81%90%ED%85%90&searchType=search&paid_fl=n&search_uuid=cfcd95c5-d509-4736-96db-e50f64a65477"
(주)슬로우로켓,국내,B,사람인,,help@saramin.co.kr,"https://www.saramin.co.kr/zf_user/jobs/relay/view?view_type=search&rec_idx=54204268&location=ts&searchword=%ED%81%90%ED%85%90&searchType=search&paid_fl=n&search_uuid=8e2f5fde-8607-466d-9b51-96ad3a785e16, https://www.saramin.co.kr/zf_user/jobs/relay/view?view_type=search&rec_idx=54268240&location=ts&searchword=%ED%81%90%ED%85%90&searchType=search&paid_fl=n&search_uuid=8e2f5fde-8607-466d-9b51-96ad3a785e16"
(주)씨티케이이비전글로벌네트웍스,국내,B,사람인,,help@saramin.co.kr,"https://www.saramin.co.kr/zf_user/jobs/relay/view?view_type=search&rec_idx=54059586&location=ts&searchword=%ED%81%90%ED%85%90&searchType=search&paid_fl=n&search_uuid=a24df5a6-1b60-47c9-9dfd-5d12e2cb542d, https://www.saramin.co.kr/zf_user/jobs/relay/view?view_type=search&rec_idx=54059586&location=ts&searchword=%ED%81%90%ED%85%90&searchType=search&paid_fl=n&search_uuid=cfcd95c5-d509-4736-96db-e50f64a65477"
(주)아렌시아,국내,B,사람인,,"help@saramin.co.kr, job@thefounders.kr","https://www.saramin.co.kr/zf_user/jobs/relay/view?view_type=search&rec_idx=53996891&location=ts&searchword=%ED%81%90%ED%85%90&searchType=search&paid_fl=n&search_uuid=6192c8e9-ce72-4138-a639-60650fbf119d, https://www.saramin.co.kr/zf_user/jobs/relay/view?view_type=search&rec_idx=54118980&location=ts&searchword=%ED%81%90%ED%85%90&searchType=search&paid_fl=n&search_uuid=a24df5a6-1b60-47c9-9dfd-5d12e2cb542d, https://www.saramin.co.kr/zf_user/jobs/relay/view?view_type=search&rec_idx=54118998&location=ts&searchword=%ED%81%90%ED%85%90&searchType=search&paid_fl=n&search_uuid=cfcd95c5-d509-4736-96db-e50f64a65477, https://www.saramin.co.kr/zf_user/jobs/relay/view?view_type=search&rec_idx=54119035&location=ts&searchword=%ED%81%90%ED%85%90&searchType=search&paid_fl=n&search_uuid=1ec0869b-d764-4591-b54a-13718682734f, https://www.saramin.co.kr/zf_user/jobs/relay/view?view_type=search&rec_idx=54119095&location=ts&searchword=%ED%81%90%ED%85%90&searchType=search&paid_fl=n&search_uuid=cfcd95c5-d509-4736-96db-e50f64a65477, https://www.saramin.co.kr/zf_user/jobs/relay/view?view_type=search&rec_idx=54217802&location=ts&searchword=%ED%81%90%ED%85%90&searchType=search&paid_fl=n&search_uuid=1ec0869b-d764-4591-b54a-13718682734f, https://www.saramin.co.kr/zf_user/jobs/relay/view?view_type=search&rec_idx=54217824&location=ts&searchword=%ED%81%90%ED%85%90&searchType=search&paid_fl=n&search_uuid=cfcd95c5-d509-4736-96db-e50f64a65477, https://www.saramin.co.kr/zf_user/jobs/relay/view?view_type=search&rec_idx=54260042&location=ts&searchword=%ED%81%90%ED%85%90&searchType=search&paid_fl=n&search_uuid=cfcd95c5-d509-4736-96db-e50f64a65477, https://www.saramin.co.kr/zf_user/jobs/relay/view?view_type=search&rec_idx=54260080&location=ts&searchword=%ED%81%90%ED%85%90&searchType=search&paid_fl=n&search_uuid=cfcd95c5-d509-4736-96db-e50f64a65477"
(주)아워코퍼레이션,국내,B,사람인,,help@saramin.co.kr,https://www.saramin.co.kr/zf_user/jobs/relay/view?view_type=search&rec_idx=54207818&location=ts&searchword=%ED%81%90%ED%85%90&searchType=search&paid_fl=n&search_uuid=1ec0869b-d764-4591-b54a-13718682734f
(주)에바커머스,국내,B,사람인,,help@saramin.co.kr,https://www.saramin.co.kr/zf_user/jobs/relay/view?view_type=search&rec_idx=54043692&location=ts&searchword=%ED%81%90%ED%85%90&searchType=search&paid_fl=n&search_uuid=a24df5a6-1b60-47c9-9dfd-5d12e2cb542d
(주)에이비티아시아,국내,B,사람인,,help@saramin.co.kr,https://www.saramin.co.kr/zf_user/jobs/relay/view?view_type=search&rec_idx=54077826&location=ts&searchword=%ED%81%90%ED%85%90&searchType=search&paid_fl=n&search_uuid=a24df5a6-1b60-47c9-9dfd-5d12e2cb542d
(주)에이스파트너스서치펌,국내,B,사람인,,help@saramin.co.kr,https://www.saramin.co.kr/zf_user/jobs/relay/view?view_type=search&rec_idx=54272610&location=ts&searchword=%ED%81%90%ED%85%90&searchType=search&paid_fl=n&search_uuid=1ec0869b-d764-4591-b54a-13718682734f
(주)에이원비앤에이치,국내,B,사람인,,help@saramin.co.kr,"https://www.saramin.co.kr/zf_user/jobs/relay/view?view_type=search&rec_idx=53789867&location=ts&searchword=%ED%81%90%ED%85%90&searchType=search&paid_fl=n&search_uuid=6192c8e9-ce72-4138-a639-60650fbf119d, https://www.saramin.co.kr/zf_user/jobs/relay/view?view_type=search&rec_idx=53991345&location=ts&searchword=%ED%81%90%ED%85%90&searchType=search&paid_fl=n&search_uuid=6192c8e9-ce72-4138-a639-60650fbf119d"
(주)에이치엘사이언스,국내,B,사람인,,help@saramin.co.kr,https://www.saramin.co.kr/zf_user/jobs/relay/view?view_type=search&rec_idx=53822162&location=ts&searchword=%ED%81%90%ED%85%90&searchType=search&paid_fl=n&search_uuid=8e2f5fde-8607-466d-9b51-96ad3a785e16
(주)엔엠에스컨설팅,국내,B,사람인,,help@saramin.co.kr,https://www.saramin.co.kr/zf_user/jobs/relay/view?view_type=search&rec_idx=54241664&location=ts&searchword=%ED%81%90%ED%85%90&searchType=search&paid_fl=n&search_uuid=8e2f5fde-8607-466d-9b51-96ad3a785e16
(주)오프온,국내,B,사람인,,help@saramin.co.kr,https://www.saramin.co.kr/zf_user/jobs/relay/view?view_type=search&rec_idx=54116943&location=ts&searchword=%ED%81%90%ED%85%90&searchType=search&paid_fl=n&search_uuid=8e2f5fde-8607-466d-9b51-96ad3a785e16
(주)올리브인터내셔널,국내,B,사람인,,help@saramin.co.kr,"https://www.saramin.co.kr/zf_user/jobs/relay/view?view_type=search&rec_idx=53750979&location=ts&searchword=%ED%81%90%ED%85%90&searchType=search&paid_fl=n&search_uuid=cfcd95c5-d509-4736-96db-e50f64a65477, https://www.saramin.co.kr/zf_user/jobs/relay/view?view_type=search&rec_idx=53772784&location=ts&searchword=%ED%81%90%ED%85%90&searchType=search&paid_fl=n&search_uuid=1ec0869b-d764-4591-b54a-13718682734f, https://www.saramin.co.kr/zf_user/jobs/relay/view?view_type=search&rec_idx=53833780&location=ts&searchword=%ED%81%90%ED%85%90&searchType=search&paid_fl=n&search_uuid=a24df5a6-1b60-47c9-9dfd-5d12e2cb542d"
(주)와우바이오텍,국내,B,사람인,,help@saramin.co.kr,"https://www.saramin.co.kr/zf_user/jobs/relay/view?view_type=search&rec_idx=54056328&location=ts&searchword=%ED%81%90%ED%85%90&searchType=search&paid_fl=n&search_uuid=8e2f5fde-8607-466d-9b51-96ad3a785e16, https://www.saramin.co.kr/zf_user/jobs/relay/view?view_type=search&rec_idx=54060406&location=ts&searchword=%ED%81%90%ED%85%90&searchType=search&paid_fl=n&search_uuid=8e2f5fde-8607-466d-9b51-96ad3a785e16"
(주)와이어트,국내,B,사람인,,help@saramin.co.kr,"https://www.saramin.co.kr/zf_user/jobs/relay/view?view_type=search&rec_idx=54180414&location=ts&searchword=%ED%81%90%ED%85%90&searchType=search&paid_fl=n&search_uuid=cfcd95c5-d509-4736-96db-e50f64a65477, https://www.saramin.co.kr/zf_user/jobs/relay/view?view_type=search&rec_idx=54214424&location=ts&searchword=%ED%81%90%ED%85%90&searchType=search&paid_fl=n&search_uuid=cfcd95c5-d509-4736-96db-e50f64a65477"
(주)우주텍,국내,B,사람인,,help@saramin.co.kr,https://www.saramin.co.kr/zf_user/jobs/relay/view?view_type=search&rec_idx=53986494&location=ts&searchword=%ED%81%90%ED%85%90&searchType=search&paid_fl=n&search_uuid=8e2f5fde-8607-466d-9b51-96ad3a785e16
(주)이즈앤트리,국내,B,사람인,,help@saramin.co.kr,"https://www.saramin.co.kr/zf_user/jobs/relay/view?view_type=search&rec_idx=53830073&location=ts&searchword=%ED%81%90%ED%85%90&searchType=search&paid_fl=n&search_uuid=1ec0869b-d764-4591-b54a-13718682734f, https://www.saramin.co.kr/zf_user/jobs/relay/view?view_type=search&rec_idx=53905374&location=ts&searchword=%ED%81%90%ED%85%90&searchType=search&paid_fl=n&search_uuid=1ec0869b-d764-4591-b54a-13718682734f, https://www.saramin.co.kr/zf_user/jobs/relay/view?view_type=search&rec_idx=53930860&location=ts&searchword=%ED%81%90%ED%85%90&searchType=search&paid_fl=n&search_uuid=cfcd95c5-d509-4736-96db-e50f64a65477, https://www.saramin.co.kr/zf_user/jobs/relay/view?view_type=search&rec_idx=54092495&location=ts&searchword=%ED%81%90%ED%85%90&searchType=search&paid_fl=n&search_uuid=a24df5a6-1b60-47c9-9dfd-5d12e2cb542d, https://www.saramin.co.kr/zf_user/jobs/relay/view?view_type=search&rec_idx=54174229&location=ts&searchword=%ED%81%90%ED%85%90&searchType=search&paid_fl=n&search_uuid=a24df5a6-1b60-47c9-9dfd-5d12e2cb542d, https://www.saramin.co.kr/zf_user/jobs/relay/view?view_type=search&rec_idx=54189167&location=ts&searchword=%ED%81%90%ED%85%90&searchType=search&paid_fl=n&search_uuid=1ec0869b-d764-4591-b54a-13718682734f"
(주)인코리아 프로페셔널(In Korea Professional),국내,B,사람인,,help@saramin.co.kr,https://www.saramin.co.kr/zf_user/jobs/relay/view?view_type=search&rec_idx=54243567&location=ts&searchword=%ED%81%90%ED%85%90&searchType=search&paid_fl=n&search_uuid=1ec0869b-d764-4591-b54a-13718682734f
(주)제로투세븐,국내,B,사람인,,help@saramin.co.kr,https://www.saramin.co.kr/zf_user/jobs/relay/view?view_type=search&rec_idx=54203974&location=ts&searchword=%ED%81%90%ED%85%90&searchType=search&paid_fl=n&search_uuid=6192c8e9-ce72-4138-a639-60650fbf119d
(주)제이펀,국내,B,사람인,,help@saramin.co.kr,https://www.saramin.co.kr/zf_user/jobs/relay/view?view_type=search&rec_idx=54134246&location=ts&searchword=%ED%81%90%ED%85%90&searchType=search&paid_fl=n&search_uuid=8e2f5fde-8607-466d-9b51-96ad3a785e16
(주)조인스에이치알코리아,국내,B,사람인,,help@saramin.co.kr,https://www.saramin.co.kr/zf_user/jobs/relay/view?view_type=search&rec_idx=54177996&location=ts&searchword=%ED%81%90%ED%85%90&searchType=search&paid_fl=n&search_uuid=cfcd95c5-d509-4736-96db-e50f64a65477
(주)지니어스,국내,B,사람인,,job@thefounders.kr,https://www.saramin.co.kr/zf_user/jobs/relay/view?view_type=search&rec_idx=54135232&location=ts&searchword=%ED%81%90%ED%85%90&searchType=search&paid_fl=n&search_uuid=cfcd95c5-d509-4736-96db-e50f64a65477
(주)지엘리코퍼레이션,국내,B,사람인,,help@saramin.co.kr,"https://www.saramin.co.kr/zf_user/jobs/relay/view?view_type=search&rec_idx=53850885&location=ts&searchword=%ED%81%90%ED%85%90&searchType=search&paid_fl=n&search_uuid=a24df5a6-1b60-47c9-9dfd-5d12e2cb542d, https://www.saramin.co.kr/zf_user/jobs/relay/view?view_type=search&rec_idx=53850948&location=ts&searchword=%ED%81%90%ED%85%90&searchType=search&paid_fl=n&search_uuid=a24df5a6-1b60-47c9-9dfd-5d12e2cb542d, https://www.saramin.co.kr/zf_user/jobs/relay/view?view_type=search&rec_idx=54206059&location=ts&searchword=%ED%81%90%ED%85%90&searchType=search&paid_fl=n&search_uuid=6192c8e9-ce72-4138-a639-60650fbf119d"
(주)케이타운포유,국내,B,사람인,,help@saramin.co.kr,"https://www.saramin.co.kr/zf_user/jobs/relay/view?view_type=search&rec_idx=54143566&location=ts&searchword=%ED%81%90%ED%85%90&searchType=search&paid_fl=n&search_uuid=6192c8e9-ce72-4138-a639-60650fbf119d, https://www.saramin.co.kr/zf_user/jobs/relay/view?view_type=search&rec_idx=54143650&location=ts&searchword=%ED%81%90%ED%85%90&searchType=search&paid_fl=n&search_uuid=cfcd95c5-d509-4736-96db-e50f64a65477"
(주)케이팝피버,국내,B,사람인,,help@saramin.co.kr,https://www.saramin.co.kr/zf_user/jobs/relay/view?view_type=search&rec_idx=54270409&location=ts&searchword=%ED%81%90%ED%85%90&searchType=search&paid_fl=n&search_uuid=8e2f5fde-8607-466d-9b51-96ad3a785e16
(주)코스알엑스,국내,B,사람인,,help@saramin.co.kr,https://www.saramin.co.kr/zf_user/jobs/relay/view?view_type=search&rec_idx=54174372&location=ts&searchword=%ED%81%90%ED%85%90&searchType=search&paid_fl=n&search_uuid=6192c8e9-ce72-4138-a639-60650fbf119d
(주)코어피플,국내,B,사람인,,ckh@corepeople.co.kr,https://www.saramin.co.kr/zf_user/jobs/relay/view?view_type=search&rec_idx=54234920&location=ts&searchword=%ED%81%90%ED%85%90&searchType=search&paid_fl=n&search_uuid=6192c8e9-ce72-4138-a639-60650fbf119d
(주)크레이버코퍼레이션,국내,B,사람인,,help@saramin.co.kr,https://www.saramin.co.kr/zf_user/jobs/relay/view?view_type=search&rec_idx=53789771&location=ts&searchword=%ED%81%90%ED%85%90&searchType=search&paid_fl=n&search_uuid=1ec0869b-d764-4591-b54a-13718682734f
(주)큰삼촌컴퍼니,국내,B,사람인,,help@saramin.co.kr,https://www.saramin.co.kr/zf_user/jobs/relay/view?view_type=search&rec_idx=54093143&location=ts&searchword=%ED%81%90%ED%85%90&searchType=search&paid_fl=n&search_uuid=8e2f5fde-8607-466d-9b51-96ad3a785e16
(주)키네틱하우스,국내,B,사람인,,hr@riskybeauty.com,https://www.saramin.co.kr/zf_user/jobs/relay/view?view_type=search&rec_idx=53964906&location=ts&searchword=%ED%81%90%ED%85%90&searchType=search&paid_fl=n&search_uuid=a24df5a6-1b60-47c9-9dfd-5d12e2cb542d
(주)킥더허들,국내,B,사람인,,help@saramin.co.kr,https://www.saramin.co.kr/zf_user/jobs/relay/view?view_type=search&rec_idx=54080438&location=ts&searchword=%ED%81%90%ED%85%90&searchType=search&paid_fl=n&search_uuid=1ec0869b-d764-4591-b54a-13718682734f
(주)탑앤스카우트,국내,B,사람인,,sylee@topnscout.com,https://www.saramin.co.kr/zf_user/jobs/relay/view?view_type=search&rec_idx=54142927&location=ts&searchword=%ED%81%90%ED%85%90&searchType=search&paid_fl=n&search_uuid=cfcd95c5-d509-4736-96db-e50f64a65477
(주)투데이헬스케어,국내,B,사람인,,help@saramin.co.kr,https://www.saramin.co.kr/zf_user/jobs/relay/view?view_type=search&rec_idx=54219295&location=ts&searchword=%ED%81%90%ED%85%90&searchType=search&paid_fl=n&search_uuid=8e2f5fde-8607-466d-9b51-96ad3a785e16
(주)팜스빌,국내,B,사람인,,help@saramin.co.kr,https://www.saramin.co.kr/zf_user/jobs/relay/view?view_type=search&rec_idx=54024900&location=ts&searchword=%ED%81%90%ED%85%90&searchType=search&paid_fl=n&search_uuid=8e2f5fde-8607-466d-9b51-96ad3a785e16
(주)퍼셀,국내,B,사람인,,help@saramin.co.kr,https://www.saramin.co.kr/zf_user/jobs/relay/view?view_type=search&rec_idx=54054447&location=ts&searchword=%ED%81%90%ED%85%90&searchType=search&paid_fl=n&search_uuid=cfcd95c5-d509-4736-96db-e50f64a65477
(주)페르니코리아,국내,B,사람인,,help@saramin.co.kr,https://www.saramin.co.kr/zf_user/jobs/relay/view?view_type=search&rec_idx=54247780&location=ts&searchword=%ED%81%90%ED%85%90&searchType=search&paid_fl=n&search_uuid=8e2f5fde-8607-466d-9b51-96ad3a785e16
(주)편한가,국내,B,사람인,,help@saramin.co.kr,https://www.saramin.co.kr/zf_user/jobs/relay/view?view_type=search&rec_idx=54085370&location=ts&searchword=%ED%81%90%ED%85%90&searchType=search&paid_fl=n&search_uuid=a24df5a6-1b60-47c9-9dfd-5d12e2cb542d
(주)프로써치코리아,국내,B,사람인,,hr@pointnextion.com,https://www.saramin.co.kr/zf_user/jobs/relay/view?view_type=search&rec_idx=54167578&location=ts&searchword=%ED%81%90%ED%85%90&searchType=search&paid_fl=n&search_uuid=8e2f5fde-8607-466d-9b51-96ad3a785e16
(주)피츠,국내,B,사람인,,help@saramin.co.kr,"https://www.saramin.co.kr/zf_user/jobs/relay/view?view_type=search&rec_idx=53738842&location=ts&searchword=%ED%81%90%ED%85%90&searchType=search&paid_fl=n&search_uuid=1ec0869b-d764-4591-b54a-13718682734f, https://www.saramin.co.kr/zf_user/jobs/relay/view?view_type=search&rec_idx=53776642&location=ts&searchword=%ED%81%90%ED%85%90&searchType=search&paid_fl=n&search_uuid=6192c8e9-ce72-4138-a639-60650fbf119d, https://www.saramin.co.kr/zf_user/jobs/relay/view?view_type=search&rec_idx=53917725&location=ts&searchword=%ED%81%90%ED%85%90&searchType=search&paid_fl=n&search_uuid=1ec0869b-d764-4591-b54a-13718682734f, https://www.saramin.co.kr/zf_user/jobs/relay/view?view_type=search&rec_idx=53934954&location=ts&searchword=%ED%81%90%ED%85%90&searchType=search&paid_fl=n&search_uuid=1ec0869b-d764-4591-b54a-13718682734f, https://www.saramin.co.kr/zf_user/jobs/relay/view?view_type=search&rec_idx=54063142&location=ts&searchword=%ED%81%90%ED%85%90&searchType=search&paid_fl=n&search_uuid=1ec0869b-d764-4591-b54a-13718682734f, https://www.saramin.co.kr/zf_user/jobs/relay/view?view_type=search&rec_idx=54118016&location=ts&searchword=%ED%81%90%ED%85%90&searchType=search&paid_fl=n&search_uuid=6192c8e9-ce72-4138-a639-60650fbf119d, https://www.saramin.co.kr/zf_user/jobs/relay/view?view_type=search&rec_idx=54230963&location=ts&searchword=%ED%81%90%ED%85%90&searchType=search&paid_fl=n&search_uuid=cfcd95c5-d509-4736-96db-e50f64a65477, https://www.saramin.co.kr/zf_user/jobs/relay/view?view_type=search&rec_idx=54230975&location=ts&searchword=%ED%81%90%ED%85%90&searchType=search&paid_fl=n&search_uuid=cfcd95c5-d509-4736-96db-e50f64a65477"
(주)한터글로벌,국내,B,사람인,,help@saramin.co.kr,https://www.saramin.co.kr/zf_user/jobs/relay/view?view_type=search&rec_idx=54132162&location=ts&searchword=%ED%81%90%ED%85%90&searchType=search&paid_fl=n&search_uuid=6192c8e9-ce72-4138-a639-60650fbf119d
(주)허밍아비스,국내,B,사람인,,help@saramin.co.kr,https://www.saramin.co.kr/zf_user/jobs/relay/view?view_type=search&rec_idx=54258294&location=ts&searchword=%ED%81%90%ED%85%90&searchType=search&paid_fl=n&search_uuid=1ec0869b-d764-4591-b54a-13718682734f
520株式会社,일본,B,큐텐,+81-070-9267-6027,520.qoo10.2024.fashion@gmail.com,https://www.qoo10.jp/g/1190140708
"A Peak CO.,LTD.",국내,B,큐텐,+82-010-5147-7147,sales@apeak.kr,https://www.qoo10.jp/g/1152820964
"ABSORBLAB CO.,LTD.",국내,B,큐텐,+82-070-4779-8060,global@celimax.co.kr,https://www.qoo10.jp/g/1106927169
"AIDEN LAB CO.,LTD.",국내,B,큐텐,+82-010-8621-5113,cr_japan@glow-u.com,https://www.qoo10.jp/g/1169648809
ALEEY LIMITED,일본,B,큐텐,+81-050-5806-1646,aleey001@hotmail.com,https://www.qoo10.jp/g/440300799
ALL ROUNDER,국내,B,큐텐,+82-010-2657-9802,hi307806@naver.com,https://www.qoo10.jp/g/1172755111
ALife,국내,B,큐텐,+82-010-7123-2322,a-life@naver.com,https://www.qoo10.jp/g/1184609554
"AMELI GLOBAL CO.,LTD.",국내,B,큐텐,+82-010-2417-7089,cs-global@ameli.co.kr,https://www.qoo10.jp/g/1176644165
AMOREPACIFIC,국내,B,큐텐,+82-010-5334-6967,,https://www.qoo10.jp/g/771837150
"AMUSE CO.,LTD.",국내,B,큐텐,+82-010-7259-7013,support.jp@amusemakeup.com,https://www.qoo10.jp/g/1177315756
AO STORE,국내,B,큐텐,+82-010-2135-2023,aostore7@naver.com,https://www.qoo10.jp/g/1194677916
"APR Co., Ltd.",일본,B,큐텐,"+81-03-6421-2850, +81-800-100-2273","qoo10_ap@apr-in.com, qoo10_me@apr-in.com","https://www.qoo10.jp/g/1083259765, https://www.qoo10.jp/g/1147259677"
ARINNA COSMETIC,국내,B,큐텐,+82-010-8189-1928,,https://www.qoo10.jp/g/1177445397
"AWESOMEWORLD CO.,LTD.",국내,B,큐텐,+82-010-6411-9372,,https://www.qoo10.jp/g/1136713309
Adapt Inc.,국내,B,큐텐,+82-010-4827-3490,adapt_japan1@adaptkorea.com,https://www.qoo10.jp/g/1106118595
"Aekyung Ind. Co.,Ltd.",국내,B,큐텐,+82-010-5845-9540,nanhye.park@aekyung.kr,https://www.qoo10.jp/g/1059933895
Aiwon international,국내,B,큐텐,+82-070-7122-0011,qneeupmaster@gmail.com,https://www.qoo10.jp/g/1076908997
All style,국내,B,큐텐,+82-010-8688-0748,victoriamine@naver.com,https://www.qoo10.jp/g/1155327579
Anemone Trade,국내,B,큐텐,+82-010-4879-2227,,https://www.qoo10.jp/g/1193521441
Aurora Sports Group Limited,미확인,B,큐텐,+86-186-1526-1083,aurorasports2024@163.com,https://www.qoo10.jp/g/1121684680
"Awesomely CO.,LTD.",국내,B,큐텐,+82-010-6407-3035,info@awesomely.co.kr,https://www.qoo10.jp/g/1163091561
BABY DAY,국내,B,큐텐,+82-010-4346-5011,hawmama19@gmail.com,https://www.qoo10.jp/g/1195392591
BANANA CORPORATION,국내,B,큐텐,+82-010-7538-3076,sora3554@bananabd.com,https://www.qoo10.jp/g/1177171862
BANANAKOREA,국내,B,큐텐,+82-010-7571-5868,bananakorea@yahoo.com,https://www.qoo10.jp/g/1177349820
BAOJIWUHANGONGYINGLIANYOUXIANGONGSI,미확인,B,큐텐,+86-165-3263-3148,,https://www.qoo10.jp/g/1184310407
"BBIA CO., LTD.",국내,B,큐텐,+82-070-5129-8015,,https://www.qoo10.jp/g/969298280
"BEAUTY SELECTION CO.,LTD.",국내,B,큐텐,+82-010-2922-8608,global_jp@beautyselection.co.kr,https://www.qoo10.jp/g/1189066896
BEIJINGYANYUNFANGDICHANJINGJIYOUXIANGONGSI,미확인,B,큐텐,+86-182-7005-3891,beijjjj2026@163.com,https://www.qoo10.jp/g/1195216961
BENOW INC.,일본,B,큐텐,+81-03-6258-0328,cs_numbuzinjp@benow.co.kr,https://www.qoo10.jp/g/1188351647
BIBIANG HOLDINGS,국내,B,큐텐,+82-010-7100-8332,bibiang.official.japan@gmail.com,https://www.qoo10.jp/g/1136107970
BIOLAB CORP.,국내,B,큐텐,+82-02-2043-0740,applybiolab@gmail.com,https://www.qoo10.jp/g/1050348058
"BITELAB CO.,LTD.",국내,B,큐텐,+82-010-2868-8615,global_japan@bitelab.co.kr,https://www.qoo10.jp/g/1093984835
BLENDED CO.LTD.,국내,B,큐텐,+82-010-7754-1804,oiad.jp@blended.co.kr,https://www.qoo10.jp/g/1105985543
"BOOSTLAB CO.,LTD.",국내,B,큐텐,+82-010-6383-3610,ergobody_official@boostlab.kr,https://www.qoo10.jp/g/1183015304
"BPBIO CO.,LTD.",국내,B,큐텐,+82-010-3146-2489,,https://www.qoo10.jp/g/1191892010
BUNTETU株式会社,일본,B,큐텐,+81-018-893-4554,shop-q@minato-farm.com,https://www.qoo10.jp/g/972364382
Baekstyle,국내,B,큐텐,+82-010-2392-2735,,https://www.qoo10.jp/g/1041788442
Beauty Land合同会社,일본,B,큐텐,+81-090-9563-5351,adrg@benlando.gonna.jp,https://www.qoo10.jp/g/865498119
Boylston,국내,B,큐텐,+82-010-5355-1016,daegeunk@gmail.com,https://www.qoo10.jp/g/1142006283
"C&CN Co., Ltd.",일본,B,큐텐,+81-03-6273-8934,beauselection@cncn.co.kr,https://www.qoo10.jp/g/803430496
"CELORA CO.,LTD.",국내,B,큐텐,+82-010-9021-8433,,https://www.qoo10.jp/g/1080919051
CHANGSHUSUOFEIYAMAOSHANYOUXIANGONGSI,미확인,B,큐텐,+86-170-4147-2550,,https://www.qoo10.jp/g/1149369549
CHEN ANLONG,미확인,B,큐텐,+86-187-6400-0079,,https://www.qoo10.jp/g/777779244
CHEN ZHI QIANG,일본,B,큐텐,+81-156-1010-5021,,https://www.qoo10.jp/g/1147748600
CHENMAO,일본,B,큐텐,+81-?) 03-?) 1234-?),chenmaocm@126.com,https://www.qoo10.jp/g/1195643854
CHENZHOUYONGBANGMAOYIYOUXIANGONGSI,미확인,B,큐텐,+86-176-9498-1462,,https://www.qoo10.jp/g/1182064671
"CHEONGAHN ORGANICS CO.,LTD.",국내,B,큐텐,+82-02-2055-0332,slimplanet_jp@theslimplanet.com,https://www.qoo10.jp/g/612993144
CHONG QING HUI YI WU JIN ZHI PIN YOU XIAN GONG SI,미확인,B,큐텐,+86-165-3268-0911,,https://www.qoo10.jp/g/1149310956
CHONGKUNDANG HEALTHCARE CORP,국내,B,큐텐,+82-010-2752-8176,minjungk@ckdhc.com,https://www.qoo10.jp/g/1114885174
CHUNGHAE BOEKI,국내,B,큐텐,+82-010-8944-2978,,https://www.qoo10.jp/g/1078491655
CJ FOODS JAPAN株式会社,일본,B,큐텐,+81-050-8882-5626,support@cjfjec.com,https://www.qoo10.jp/g/921652158
CMS LAB INC.,국내,B,큐텐,+82-010-4940-1210,cellfusionc_jp@wonik.com,https://www.qoo10.jp/g/1182212684
"CONTINUUM PARTNERS CO., LTD.",국내,B,큐텐,+82-010-4327-8863,continuumpeoversea@gmail.com,https://www.qoo10.jp/g/1095780963
COSRX inc.,국내,B,큐텐,+82-02-6357-8093,japancs@cosrx.co.kr,https://www.qoo10.jp/g/1108298022
"CREATIVE Z CO.,LTD",국내,B,큐텐,+82-070-5057-5800,global@creative-z.kr,https://www.qoo10.jp/g/1155731413
"CUSTICS CO.,LTD.",국내,B,큐텐,+82-010-9191-6367,cs@custics.net,https://www.qoo10.jp/g/1167160880
Chen Neng Jye,미확인,B,큐텐,+886-975-9623-58,jpebay10@gmail.com,https://www.qoo10.jp/g/1188504582
Chengdu Leichenyishangmao Youxiangongsi,미확인,B,큐텐,+86-131-6721-4109,kqogq4@163.com,https://www.qoo10.jp/g/1177610597
ChongQingQiXueZongYouJiaoYuKeJiYouXianGongSi,미확인,B,큐텐,+86-152-6028-3189,,https://www.qoo10.jp/g/1059976468
Corporation PMJ International,국내,B,큐텐,+82-010-7443-2855,pmj99777@naver.com,https://www.qoo10.jp/g/870271443
Cosmills,국내,B,큐텐,+82-010-8983-2160,sjchoi0216@naver.com,https://www.qoo10.jp/g/1131065530
Craver corporation,국내,B,큐텐,+82-010-7519-9968,tf-jp@cravercorp.com,https://www.qoo10.jp/g/1195329131
D Lounge,국내,B,큐텐,+82-010-2171-2408,dodreamdoo@gmail.com,https://www.qoo10.jp/g/1179716113
DALIANHUAYUKUAJINGDIANSHANGMAOYIYOUXIANGONGSI,미확인,B,큐텐,+86-130-5054-8679,,https://www.qoo10.jp/g/1043791701
DAUL,국내,B,큐텐,+82-010-3467-4882,urealcloud@gmail.com,https://www.qoo10.jp/g/901816463
DAYGY S AND C INC.,국내,B,큐텐,+82-010-6704-9067,,https://www.qoo10.jp/g/1171268915
DIONY SHOP,국내,B,큐텐,+82-010-4402-6869,dionysia0515@gmail.com,https://www.qoo10.jp/g/1189855300
DJ KOREA,국내,B,큐텐,+82-010-8645-6003,,https://www.qoo10.jp/g/1191642828
DONGYANGSHIXUHANGFEIJIUWUZIHUISHOUYOUXIANGONGSI,미확인,B,큐텐,+86-155-7318-9367,,https://www.qoo10.jp/g/1194868172
DOTS CORPORATION Inc,일본,B,큐텐,+81-050-5806-2504,canteen9_japan@dotscorporation.com,https://www.qoo10.jp/g/1029493773
"DS NATURE Co.,LTD",일본,B,큐텐,+81-?) 03-?) 1234-?),japan@dalsim.kr,https://www.qoo10.jp/g/1053144197
"DWC, Inc.",국내,B,큐텐,+82-070-5157-6662,dwcinc82@gmail.com,https://www.qoo10.jp/g/1151206515
DY,국내,B,큐텐,+82-010-8301-2260,,https://www.qoo10.jp/g/1167962994
Daisyyoung,국내,B,큐텐,+82-010-9631-2211,skinqoo@daum.net,https://www.qoo10.jp/g/1187357819
Dalian Tenglong Jianzhu Gongcheng Youxian Gongsi,미확인,B,큐텐,+86-177-4691-1735,,https://www.qoo10.jp/g/1194996683
Donggurami,국내,B,큐텐,+82-010-3996-6662,dgrmimi@gmail.com,https://www.qoo10.jp/g/1020850575
"Dongkook Pharmaceutical Co., Ltd.",국내,B,큐텐,+82-010-7713-7816,centellian24jp@gmail.com,https://www.qoo10.jp/g/1089634119
Dot,국내,B,큐텐,+82-010-6341-9516,,https://www.qoo10.jp/g/1194616244
EARTH合同会社,일본,B,큐텐,+81-048-871-6503,cs@earth.jp.net,https://www.qoo10.jp/g/1127167642
ELLY COMPANY,국내,B,큐텐,+82-010-3619-0392,ellycompany.office@gmail.com,https://www.qoo10.jp/g/1049180746
"ELOOMBIO CO.,LTD",일본,B,큐텐,+81-?) 03-?) 1234-?),albert@eloombio.com,https://www.qoo10.jp/g/1064719092
ENCLU Inc.,국내,B,큐텐,"+82-010-9567-3028, +82-031-706-2840","cs@enclu.co.kr, md@enclu.co.kr","https://www.qoo10.jp/g/1081362886, https://www.qoo10.jp/g/1088902869"
"ESTHERFORMULA CO.,LTD",국내,B,큐텐,+82-010-3720-4203,,https://www.qoo10.jp/g/1046307982
ETOMARS JAPAN株式会社,일본,B,큐텐,+81-050-3099-6226,service@qmart.jp,https://www.qoo10.jp/g/1074081759
EXTREME Inc,일본,B,큐텐,+81-?) 03-?) 1234-?),global@extreme.co.kr,https://www.qoo10.jp/g/1159007079
EYE2IN,국내,B,큐텐,+82-010-9022-5622,eye2in_cs@eye2in.kr,https://www.qoo10.jp/g/629749462
EarthPal,일본,B,큐텐,+81-070-6572-7770,,https://www.qoo10.jp/g/1194388749
Eco on,국내,B,큐텐,+82-010-5929-7651,fbworhkd7651@hanmail.net,https://www.qoo10.jp/g/1134784188
"Egnis CO.,LTD.",국내,B,큐텐,+82-010-8140-6116,kwonho.sung@egnis.kr,https://www.qoo10.jp/g/1170238888
"Eight Point One Co., Ltd",국내,B,큐텐,+82-010-2046-1986,coo@epo.kr,https://www.qoo10.jp/g/1142477298
Eve株式会社,일본,B,큐텐,+81-080-7067-7676,qoo10@andy1228.jp,https://www.qoo10.jp/g/1131601363
EvoGlobalKorea LLC,국내,B,큐텐,+82-010-8064-3648,,https://www.qoo10.jp/g/1194122965
"F&CO Co.,Ltd.",국내,B,큐텐,+82-02-3470-6562,banilacojp@fnfcorp.com,https://www.qoo10.jp/g/1013444658
"FITZ CO.,LTD.",국내,B,큐텐,+82-010-2195-0057,blanc_jp@blancnature.co.kr,https://www.qoo10.jp/g/588848595
"FNCORPORATION CO.,LTD.",일본,B,큐텐,+81-?) 03-?) 1234-?),,https://www.qoo10.jp/g/1144936976
FNL corp,국내,B,큐텐,+82-010-7680-1408,jp@fnlcorp.kr,https://www.qoo10.jp/g/1067949463
Fengxi New City Yayoi Department Store,미확인,B,큐텐,+86-132-4207-9659,,https://www.qoo10.jp/g/1192220485
Fourneeds,국내,B,큐텐,+82-010-7668-8234,nomadwooneeds@gmail.com,https://www.qoo10.jp/g/1149523840
From Korean,국내,B,큐텐,+82-02-1577-1577,bj.jun81@gmail.com,https://www.qoo10.jp/g/954746225
GAOZHOU ZHENGYUAN ELECTRONIC COMMERCE CO LTD,미확인,B,큐텐,+852--5308-2860,,https://www.qoo10.jp/g/1019600876
GBHT,국내,B,큐텐,+82-010-5190-4547,,https://www.qoo10.jp/g/1111424626
GENOME AND COMPANY INC.,국내,B,큐텐,+82-010-8726-9252,,https://www.qoo10.jp/g/1118874328
"GOTECH CO.,LTD.",국내,B,큐텐,+82-010-9434-9519,ziotac2010@gmail.com,https://www.qoo10.jp/g/1176673212
"GOWOONSESANG COSMETICS CO., LTD",국내,B,큐텐,+82-010-7153-4423,japanesebusiness@gwss.co.kr,https://www.qoo10.jp/g/986130001
"GRACECLUB CO.,LTD.",국내,B,큐텐,+82-02-2082-1232,gc_jp@graceclub.com,https://www.qoo10.jp/g/880124273
GRIT IN PEACE INC.,국내,B,큐텐,+82-010-7554-4443,,https://www.qoo10.jp/g/1113897089
GUANG ZHOU ZHEN YAN HUA ZHUANG PIN YOU XIAN GONG SI,미확인,B,큐텐,+86-170-5030-5174,,https://www.qoo10.jp/g/1169557881
GUO QIANGFENG,미확인,B,큐텐,+86-130-2469-3284,yiaontelauiaomnre786@gmail.com,https://www.qoo10.jp/g/1148007967
Genie,국내,B,큐텐,+82-010-3351-0619,,https://www.qoo10.jp/g/1184163822
Good　Mark,일본,B,큐텐,+81-050-3204-0133,yoshiya-bb@ac.auone-net.jp,https://www.qoo10.jp/g/1030867308
Gown,국내,B,큐텐,+82-010-8541-9876,ownyourswing@naver.com,https://www.qoo10.jp/g/1113506418
Grouport,일본,B,큐텐,+81-059-854-0691,qoo10@grouport.net,https://www.qoo10.jp/g/685328652
Guangzhou Runhe Tiankang Trading Co Ltd,미확인,B,큐텐,+86-131-6035-3436,15689878062@163.com,https://www.qoo10.jp/g/1190988160
H:OUR,국내,B,큐텐,+82-010-9818-8017,hourh_our@naver.com,https://www.qoo10.jp/g/1195334154
HAICHENGSHI GANWANGZHEN QIQIFUZHUANG BAIHUODIAN,미확인,B,큐텐,+86-190-3750-7829,2784401539@qq.com,https://www.qoo10.jp/g/1194746631
HANSOLMEDITEC,국내,B,큐텐,+82-054-475-9355,hansol9524@gmail.com,https://www.qoo10.jp/g/876524416
HEFEI TANGBU TRADING CO LTD,미확인,B,큐텐,+86-175-7042-5612,mt90hb@111.com,https://www.qoo10.jp/g/1195018217
HENANFENGMASHANGMAOYOUXIANGONGSI,미확인,B,큐텐,+86-180-3949-0695,,https://www.qoo10.jp/g/1189379481
HI:D,국내,B,큐텐,+82-010-5598-5794,fnsk5794@gmail.com,https://www.qoo10.jp/g/1101164772
"HK DUSHANG TRADE CO., LIMITED",미확인,B,큐텐,+86-134-1445-8167,yj_planning@yahoo.co.jp,https://www.qoo10.jp/g/1119391443
"HLCC Co., Ltd.",국내,B,큐텐,+82-010-6245-0797,basttoni22@gmail.com,https://www.qoo10.jp/g/1116841204
"HONGKONG GUANGFA TRANSPORT CO., LIMITED",미확인,B,큐텐,+852--4625-5647,mmte977@163.com,https://www.qoo10.jp/g/1176824424
HUANGGANGSHIRENRENJIADIANZISHANGWUYOUXIANGONGSI,미확인,B,큐텐,+86-130-6239-1308,,https://www.qoo10.jp/g/1194006303
HUANGJIANYI,미확인,B,큐텐,+86-020-828-9722,fashionben@126.com,https://www.qoo10.jp/g/1188321114
HUHEHAOTELVKESHANGMAOYOUXIANGONGSI,미확인,B,큐텐,+86-135-0195-7435,,https://www.qoo10.jp/g/1190483203
HUIDELISHANGYEFUWU(SHENZHEN)YOUXIANGONGSI,미확인,B,큐텐,+86-183-2072-3288,,https://www.qoo10.jp/g/1172751526
Haikou Ligoujiao Electronic Technology Co Ltd,미확인,B,큐텐,+86-131-5653-9240,XMD4356842526@163.com,https://www.qoo10.jp/g/1195568715
Hainan Libairui Ecological Agriculture Technology Co Ltd,미확인,B,큐텐,+86-183-7074-5694,pay80@nemomo.org,https://www.qoo10.jp/g/1194197338
Hamee株式会社,일본,B,큐텐,"+81-0120-569-565, +81-050-3668-8596","byur_qoo10@contact.jp.iface.com, info_byglow@hamee.co.jp","https://www.qoo10.jp/g/1004072090, https://www.qoo10.jp/g/1181315091"
"Hangzhou Qishandi Trading Co., Ltd.",미확인,B,큐텐,+86-155-4087-8526,,https://www.qoo10.jp/g/1186251292
Happytree,일본,B,큐텐,+81-?) 03-?) 1234-?),,https://www.qoo10.jp/g/1193737983
"Harbin xinfengchao Biotechnology Co., Ltd",미확인,B,큐텐,+86-189-6586-3672,hunhun14523@163.com,https://www.qoo10.jp/g/1078331028
Hiroshopnet,일본,B,큐텐,+81-080-8805-0444,,https://www.qoo10.jp/g/1194561416
"Hong Kong Duola Pocket Co., Limited",미확인,B,큐텐,+86-135-2621-9008,13526219008@163.com,https://www.qoo10.jp/g/1135817394
Hygge,일본,B,큐텐,+81-090-1878-2928,,https://www.qoo10.jp/g/1115702505
"IANFNC CO.,LTD.",국내,B,큐텐,+82-070-4062-2224,ianfnc.korea@gmail.com,https://www.qoo10.jp/g/1084533066
"IFAMILYSC CO.,LTD.",국내,B,큐텐,+82-010-8172-0426,jungmirae@romand.co.kr,https://www.qoo10.jp/g/1076143786
IKONIKO,국내,B,큐텐,+82-010-9043-5450,ikoniko@naver.com,https://www.qoo10.jp/g/1104915287
"INA HEALTH CARE CO.,LTD.",국내,B,큐텐,"+82-010-5726-0067, +82-070-8744-5678",cs@inamedi.com,"https://www.qoo10.jp/g/1138490298, https://www.qoo10.jp/g/1193726242"
INICO TRADE CO.,국내,B,큐텐,+82-010-8421-1312,shop@nikkoriotte.com,https://www.qoo10.jp/g/925706386
"INNOVINEKOREA CO.,LTD.",국내,B,큐텐,+82-010-8500-7217,innovinekorea@naver.com,https://www.qoo10.jp/g/1060736853
ISAMOGU INC.,일본,B,큐텐,+81-080-7527-3645,cs@celladix.co.kr,https://www.qoo10.jp/g/1045306263
J-V GLOBAL合同会社,일본,B,큐텐,+81-075-278-3678,kkfy0049@yahoo.co.jp,https://www.qoo10.jp/g/754673967
"JAYEONIN CO.,LTD.",국내,B,큐텐,+82-02-6917-7376,isoiglobalteam@gmail.com,https://www.qoo10.jp/g/1126118877
JD GLOBAL,국내,B,큐텐,+82-070-8064-2034,yunsang_chun@daum.net,https://www.qoo10.jp/g/1015158378
JI KUAI WU LIU AN HUI YOU XIAN GONG SI,미확인,B,큐텐,+86-132-7264-6155,,https://www.qoo10.jp/g/1113388513
JJappy shop,국내,B,큐텐,+82-010-9115-2652,jjappyshop@gmail.com,https://www.qoo10.jp/g/1141729251
JONGZZANG,국내,B,큐텐,+82-010-3596-6944,,https://www.qoo10.jp/g/1166366180
JUHA,국내,B,큐텐,+82-010-7136-2006,alven170509@gmail.com,https://www.qoo10.jp/g/1121877932
"JUNGSAEMMOOL Beauty Co.,Ltd.",국내,B,큐텐,+82-070-7606-4551,,https://www.qoo10.jp/g/1174516091
JURI,국내,B,큐텐,+82-010-2722-4744,charles76017883@yahoo.co.jp,https://www.qoo10.jp/g/1193045489
"JY Global CO.,LTD.",국내,B,큐텐,+82-010-4455-5774,,https://www.qoo10.jp/g/1185012322
Jingzhou Yongbai Apparel Co Ltd,미확인,B,큐텐,+86-178-1606-2849,3032044771@qq.com,https://www.qoo10.jp/g/1193963982
KENSCOTT株式会社,일본,B,큐텐,+81-092-719-0771,qoo10@5445.co.jp,https://www.qoo10.jp/g/1185774263
KICK THE HURDLE,국내,B,큐텐,+82-070-8664-0699,kthd.global@kthd.co.kr,https://www.qoo10.jp/g/949826865
KJGLOBAL,국내,B,큐텐,+82-010-9736-2060,,https://www.qoo10.jp/g/1134869211
KOMETA,국내,B,큐텐,+82-010-8770-6010,easygetk@gmail.com,https://www.qoo10.jp/g/1149452694
KONNEKT,국내,B,큐텐,+82-010-8038-3243,,https://www.qoo10.jp/g/1174270210
"KOREA EUNDAN HEALTHCARE CO.,LTD.",국내,B,큐텐,+82-010-6317-1881,ju.oh@eundan.co.kr,https://www.qoo10.jp/g/1175171091
KOREANSELLER312,국내,B,큐텐,+82-010-7659-0159,joshuageneration227@gmail.com,https://www.qoo10.jp/g/1174395652
"KP MALL CO.,LTD.",국내,B,큐텐,+82-010-9113-7494,kjpkorea@naver.com,https://www.qoo10.jp/g/1003881426
KS global networks,국내,B,큐텐,+82-010-6741-7802,seakgs@naver.com,https://www.qoo10.jp/g/1187657622
KYO,국내,B,큐텐,+82-010-4684-0645,dongilpark1001@gmail.com,https://www.qoo10.jp/g/1122865375
Karly Shop株式会社,일본,B,큐텐,+81-072-807-4675,karlyshop@karlyshop.co.jp,https://www.qoo10.jp/g/1180384005
Keto,일본,B,큐텐,+81-?) 03-?) 1234-?),,https://www.qoo10.jp/g/977284949
"L&P Cosmetic Co., Ltd.",국내,B,큐텐,+82-070-4165-2903,mediheal_jp_cs@medihealcos.com,https://www.qoo10.jp/g/1132765231
LAB&COMPANY INC.,국내,B,큐텐,+82-070-5066-3282,,https://www.qoo10.jp/g/1091783532
LAKA COSMETICS INC.,국내,B,큐텐,+82-15-88-8143,,https://www.qoo10.jp/g/1175033592
LEE YESEO,국내,B,큐텐,+82-010-2714-0406,,https://www.qoo10.jp/g/1150607622
LENSMODE PTE.LTD,미확인,B,큐텐,+65--6747-0095,qoo10_sp@lensmode.com,https://www.qoo10.jp/g/440306698
LG HOUSEHOLD,국내,B,큐텐,+82-070-4914-0220,lghousehold.jp@gmail.com,https://www.qoo10.jp/g/1049290875
"LILA TRDING CO.,LTD",일본,B,큐텐,+81-?) 03-?) 1234-?),noonbusige@gmail.com,https://www.qoo10.jp/g/1086161185
LIN XIANPEN,일본,B,큐텐,+81-043-305-5736,Sarlisiofficial@outlook.com,https://www.qoo10.jp/g/791664091
LIUANSHIYUANQUQIANQIANTONGZHUANGJINGYINGCHANG,미확인,B,큐텐,+86-171-3658-3206,IIlonqinqian@163.com,https://www.qoo10.jp/g/1170248540
LOWA INC.,일본,B,큐텐,+81-?) 03-?) 1234-?),,https://www.qoo10.jp/g/1174354420
LSKP,국내,B,큐텐,+82-010-9717-2258,,https://www.qoo10.jp/g/1095026194
"LSP CO.,LTD.",국내,B,큐텐,+82-010-9053-7897,global@lspworld.com,https://www.qoo10.jp/g/869317232
LU HONGHONG,미확인,B,큐텐,+86-151-3346-0921,MiaoAndDuo.shop@gmail.com,https://www.qoo10.jp/g/993346347
LUCKYCART,일본,B,큐텐,+81-070-1066-9104,,https://www.qoo10.jp/g/1134788911
LaBella株式会社,일본,B,큐텐,+81-03-6427-1681,qoo10-cicibella@otoiawase.jp,https://www.qoo10.jp/g/980210267
LeMoN株式会社,일본,B,큐텐,+81-0120-976-260,info-q@lemon-inc.jp,https://www.qoo10.jp/g/612681294
"Limoe Co., Ltd.",일본,B,큐텐,+81-070-9126-3686,support@limoe-jp.com,https://www.qoo10.jp/g/1030617275
"Lovecosme CO.,LTD.",일본,B,큐텐,+81-050-6868-6598,lovecosmeco@gmail.com,https://www.qoo10.jp/g/1186723661
"MANYO FACTORY CO.,LTD.",국내,B,큐텐,+82-2-6013-0855,manyofactory_cs@manyo.co.kr,https://www.qoo10.jp/g/702910431
METTRE GROUP INC.,국내,B,큐텐,+82-010-7211-0360,cs.mongdiesjp@360per.com,https://www.qoo10.jp/g/1065344476
MINDEULRESAJA,국내,B,큐텐,+82-010-3557-5793,dandelion_lion@naver.com,https://www.qoo10.jp/g/1135070651
MIRAVIEW,국내,B,큐텐,+82-010-3818-1027,manggu7078@gmail.com,https://www.qoo10.jp/g/1057270482
MIホールディングス株式会社,일본,B,큐텐,+81-03-6809-1741,echyakka@icloud.com,https://www.qoo10.jp/g/881094886
"MUDEMATE CO.,LTD.",국내,B,큐텐,+82-070-8832-4046,cs_japan@mude.co.kr,https://www.qoo10.jp/g/1112596103
Marslabs Inc.,일본,B,큐텐,+81-?) 03-?) 1234-?),cx@marslabs.co.kr,https://www.qoo10.jp/g/1044200621
Matakul合同会社,일본,B,큐텐,+81-070-3517-0125,info@askrtech.boyfriend.jp,https://www.qoo10.jp/g/1174767495
NAMU,국내,B,큐텐,+82-010-6785-3245,zzxx3245@naver.com,https://www.qoo10.jp/g/1143077642
NAN PING JIAN YUN MAO YI YOU XIAN GONG SI,미확인,B,큐텐,+86-180-0233-2514,ad36985452@163.com,https://www.qoo10.jp/g/1185234249
NANYANGGUANGYOUSHUYEYOUXIANGONGSI,미확인,B,큐텐,+86-156-7705-2924,kithkinshop@foxmail.com,https://www.qoo10.jp/g/1189124826
"NATUREGARDEN CO.,LTD",국내,B,큐텐,+82-02-1522-8658,kukijh54@ngarden.co.kr,https://www.qoo10.jp/g/897484325
"NATURELOUD CO.,LTD.",일본,B,큐텐,+81-?) 03-?) 1234-?),jp@natureloud.co.kr,https://www.qoo10.jp/g/1133391877
"NDY CO.,LTD.",국내,B,큐텐,+82-010-8863-8748,nadoya09@naver.com,https://www.qoo10.jp/g/1052178454
"NOTHINGBETTER CO.,LTD.",일본,B,큐텐,+81-?) 03-?) 1234-?),nothingbetter.jp@gmail.com,https://www.qoo10.jp/g/1174417118
"NewSelect CO.,LTD.",국내,B,큐텐,+82-010-3478-2822,,https://www.qoo10.jp/g/1156722642
NextStage株式会社,일본,B,큐텐,+81-06-6263-3700,info@next-stage.jpn.com,https://www.qoo10.jp/g/746764307
ODOCANI,국내,B,큐텐,+82-010-8652-7305,,https://www.qoo10.jp/g/1143709617
OLIVE INTERNATIONAL INC.,국내,B,큐텐,"+82-010-2875-7360, +82-010-8356-4338",milktouchjp@oliveinter.com,"https://www.qoo10.jp/g/1136169098, https://www.qoo10.jp/g/1180170833"
"ONEMONTHS COMPANY CO.,LTD.",국내,B,큐텐,+82-010-3973-1305,,https://www.qoo10.jp/g/1191176999
ONNU GLOBAL,국내,B,큐텐,+82-010-2429-1361,,https://www.qoo10.jp/g/1193958359
"ONNURISTORE CO.,LTD.",일본,B,큐텐,+81-03-6820-3726,international@onns.kr,https://www.qoo10.jp/g/1175153193
"OU INTERNATIONAL CO.,LTD.",국내,B,큐텐,+82-02-6952-5753,jp@oukorea.com,https://www.qoo10.jp/g/986077328
"OURCORPERATION CO.,LTD.",국내,B,큐텐,+82-010-5939-0095,,https://www.qoo10.jp/g/1189962239
"OURCORPORATION CO.,LTD.",국내,B,큐텐,+82-010-3308-9752,our@ourcorp.kr,https://www.qoo10.jp/g/1189962713
"Ocean and Harvest CO.,LTD.",국내,B,큐텐,+82-070-7696-8335,,https://www.qoo10.jp/g/1171964380
Onpick Global,국내,B,큐텐,+82-010-4329-3232,tomboy28390@gmail.com,https://www.qoo10.jp/g/1158665430
Ownist Inc.,국내,B,큐텐,+82-010-3756-0017,hello@ownist.kr,https://www.qoo10.jp/g/1170127125
P2C Studio株式会社,일본,B,큐텐,+81-090-8056-7538,qoo10_mariness@p2cstudio.com,https://www.qoo10.jp/g/1182491765
"PESEUL Co., Ltd.",국내,B,큐텐,+82-070-8844-6088,business@peseul.com,https://www.qoo10.jp/g/1190186967
PLAYBEAUTY,국내,B,큐텐,+82-010-4895-4299,pandacosmetics.com@gmail.com,https://www.qoo10.jp/g/1082692306
"POGUN POGME CO.,LTD.",국내,B,큐텐,+82-031-8003-7231,wonsupeu@nate.com,https://www.qoo10.jp/g/705776154
"POTEGAR CO.,LTD.",국내,B,큐텐,+82-010-5140-8271,lifeisart7@naver.com,https://www.qoo10.jp/g/960300946
PPYC BIO INC.,일본,B,큐텐,+81-?) 03-?) 1234-?),sales@ppycbio.com,https://www.qoo10.jp/g/1187868861
PURPLELABS HEALTHCARE INC.,국내,B,큐텐,+82-010-2751-6620,purplelabs.sea@gmail.com,https://www.qoo10.jp/g/967405526
PUTIANSHIJINJIAJURIYONGPINYOUXIANGONGSI,미확인,B,큐텐,+86-167-1441-1610,,https://www.qoo10.jp/g/1190304610
PandH株式会社,일본,B,큐텐,+81-03-5284-8566,kirin4353@yahoo.co.jp,https://www.qoo10.jp/g/988043395
Panida Srissrd,미확인,B,큐텐,+66-99-059-4641,panidasrisaard1002@gmail.com,https://www.qoo10.jp/g/1031814906
PengJinTu,미확인,B,큐텐,+86-173-7496-0778,,https://www.qoo10.jp/g/1194502882
"Prinics CO.,LTD.",국내,B,큐텐,+82-010-4426-0747,brpark@prinics.com,https://www.qoo10.jp/g/1188700599
"Putian Shoes Origin Supply Chain Co., Ltd",미확인,B,큐텐,+86-135-9566-7941,cuiping7746@163.com,https://www.qoo10.jp/g/1175991965
QINGDAO XIAO KUI DIAN SHANG YOU XIAN GONG SI,미확인,B,큐텐,+86-187-6621-3670,sunflowerworld_q10@163.com,https://www.qoo10.jp/g/1077531546
QUANZHOULITEFEIGEDIANZISHANGWUYOUXIANGONGSI,미확인,B,큐텐,+86-159-3153-1843,litefeige202354@163.com,https://www.qoo10.jp/g/1176024696
Qingdao Yuanjiaxue Network Technology Co Ltd,미확인,B,큐텐,+86-151-7019-0423,CYX001329@163.com,https://www.qoo10.jp/g/1195000738
Qingdao Yunjianwuhulianwang Youxiangongsi,미확인,B,큐텐,+86-1665-3603-336,x2d4g1dssew@88.com,https://www.qoo10.jp/g/1132039455
Qinhuangdao Poqu Shangmao Youxian Gongsi,미확인,B,큐텐,+86-132-7200-6245,kx3sov@111.com,https://www.qoo10.jp/g/1195467956
"REBIRTHFEB CO.,LTD.",국내,B,큐텐,+82-0504-376-8810,one@rebirthfeb.com,https://www.qoo10.jp/g/1105045818
RISKY Inc,국내,B,큐텐,+82-010-5698-3865,global@riskybeauty.com,https://www.qoo10.jp/g/1179792714
RNK,국내,B,큐텐,"+82-010-2307-3540, +82-010-5713-3475",estrading-k@naver.com,"https://www.qoo10.jp/g/1118250003, https://www.qoo10.jp/g/1188888408"
RONA AND BIYA,국내,B,큐텐,+82-010-7125-3080,mummurofficial@gmail.com,https://www.qoo10.jp/g/1068834358
Rael Korea,국내,B,큐텐,+82-070-4895-1141,raelkorea@getrael.com,https://www.qoo10.jp/g/1126919164
SARLISI株式会社,일본,B,큐텐,+81-080-3209-2566,sarlisikabusiki@outlook.com,https://www.qoo10.jp/g/1072813515
"SECONDPROJECT CO.,LTD.",국내,B,큐텐,+82-010-2910-6658,secondproject_@naver.com,https://www.qoo10.jp/g/1189880746
SHANXIMEINONGWANGLUOKEJIYOUXIANGONGSI,미확인,B,큐텐,+86-171-9596-5168,guiakandiao88@163.com,https://www.qoo10.jp/g/1165697368
SHENZHENSHITIANYICHUANGXINKEJIYOUXIANGONGSI,미확인,B,큐텐,+86-131-3237-4038,gaozetk@163.com,https://www.qoo10.jp/g/1193787688
SICHUANJIARUIBOXINSHANGMAOYOUXIANGONGSI,미확인,B,큐텐,+86-131-0126-2967,tow242@mepo.uk,https://www.qoo10.jp/g/1194616905
"SILVERLINE CO., LTD.",국내,B,큐텐,+82-010-8286-3122,jfkorea76@naver.com,https://www.qoo10.jp/g/812521547
SIXIANSHIMUYOUHUAXIANHUADIAN,미확인,B,큐텐,+86-155-5110-3623,,https://www.qoo10.jp/g/1157594426
"SJC CO.,LTD.",국내,B,큐텐,+82-010-5827-0034,sjc_co@naver.com,https://www.qoo10.jp/g/1155685317
"SKADI KOREA CO., LTD.",국내,B,큐텐,+82-010-3301-4224,qoo10kstore@gmail.com,https://www.qoo10.jp/g/1178303663
SNH,국내,B,큐텐,+82-010-5785-0113,windy2672@naver.com,https://www.qoo10.jp/g/1189090757
SOUL PRISM,국내,B,큐텐,+82-010-3156-8426,,https://www.qoo10.jp/g/1150632773
SSUKSSUK COMPANY INC.,국내,B,큐텐,+82-010-7172-1843,japan@hetras.co.kr,https://www.qoo10.jp/g/1100443388
ST-TRADE株式会社,일본,B,큐텐,+81-042-978-8693,info@chic-robot.co.jp,https://www.qoo10.jp/g/839323704
SUN YUNFEI,일본,B,큐텐,+81-080-4971-0188,sonunhi@outlook.com,https://www.qoo10.jp/g/794041761
SUSU,국내,B,큐텐,+82-010-3082-7556,krsusu.co@gmail.com,https://www.qoo10.jp/g/1157089895
ShanDong KailongyibiaoKeji YouXiangongsi,미확인,B,큐텐,+86-139-5075-3062,zhengqianqian1010@163.com,https://www.qoo10.jp/g/1149898275
"Shandong Shuotai Trading Co., Ltd",미확인,B,큐텐,+86-132-0522-8391,sdsuotai@163.com,https://www.qoo10.jp/g/1164602463
Shanghai Xingmang Trading Company Limited,미확인,B,큐텐,+86-155-2737-2019,,https://www.qoo10.jp/g/1160107545
"TAEYANG NETWORKS CO.,LTD.",국내,B,큐텐,+82-010-9906-2031,sunnet2073@naver.com,https://www.qoo10.jp/g/1194300953
TEAZEN INC.,국내,B,큐텐,+82-070-4914-8250,teazen2303@gmail.com,https://www.qoo10.jp/g/1107174322
TFIT CLASS INC.,국내,B,큐텐,+82-032-1833-9666,,https://www.qoo10.jp/g/1084089217
"TGRN CO., LTD.",일본,B,큐텐,+81-?) 03-?) 1234-?),,https://www.qoo10.jp/g/1133825301
THE FOUNDERS INC.,일본,B,큐텐,+81-03-6447-2025,cs@anuashop.jp,https://www.qoo10.jp/g/945527932
"THE PLUS INTERACTIVE CO.,LTD.",일본,B,큐텐,+81-?) 03-?) 1234-?),shakebaby.jp@gmail.com,https://www.qoo10.jp/g/978476852
THE SKINFACTORY,국내,B,큐텐,+82-010-8470-5451,support.jp@theskinf.com,https://www.qoo10.jp/g/1001804064
"THE YOONSEUL CO.,LTD.",국내,B,큐텐,+82-010-8602-1843,,https://www.qoo10.jp/g/1188802376
THEQOO GLOBAL,국내,B,큐텐,"+82-010-4695-2537, +82-010-5383-0190, +82-010-8673-9143",,"https://www.qoo10.jp/g/1095327660, https://www.qoo10.jp/g/1166664784, https://www.qoo10.jp/g/1195383223"
TIRTIR.Inc,일본,B,큐텐,+81-3-5937-0347,,https://www.qoo10.jp/g/879782162
TKR SUCCESS LIMITED PARTNERSHIP,미확인,B,큐텐,+66-847-1726-20,,https://www.qoo10.jp/g/1167461178
TN Korea,국내,B,큐텐,+82-010-6324-2030,abcpark100@daum.net,https://www.qoo10.jp/g/1174041304
TNS INC.,국내,B,큐텐,+82-010-2873-6928,,https://www.qoo10.jp/g/1173165020
"TODAYHEALTHCARE CO.,LTD.",국내,B,큐텐,+82-070-8019-0733,fromtoday@fromtoday.kr,https://www.qoo10.jp/g/1175329207
TONGLIAOSHIWANXINGUANGGAOYOUXIANGONGSI,미확인,B,큐텐,+86-130-4445-0063,,https://www.qoo10.jp/g/1193365636
"TOO COOL FOR SCHOOL CO.,LTD.",국내,B,큐텐,+82-02-2271-2623,ks_global@naver.com,https://www.qoo10.jp/g/1187587093
"TORRIDEN CO.,LTD.",일본,B,큐텐,+81-0285-37-8069,japan_ec@torriden.com,https://www.qoo10.jp/g/933241218
"The Growth Co., Ltd.",국내,B,큐텐,+82-010-2536-7690,creators@thegrowth.co.kr,https://www.qoo10.jp/g/1094400591
TheYujin,국내,B,큐텐,+82-10-5780-5101,wearewelloff@naver.com,https://www.qoo10.jp/g/1135758549
"Thedot CO.,LTD.",국내,B,큐텐,+82-010-7577-1016,jungys910@naver.com,https://www.qoo10.jp/g/1175659421
"Tombo co.,ltd.",국내,B,큐텐,+82-010-6782-7595,exio8989@gmail.com,https://www.qoo10.jp/g/1189399815
Tommys,국내,B,큐텐,+82-010-2569-6382,,https://www.qoo10.jp/g/1041147249
UNFOUNDISM Inc,일본,B,큐텐,+81-?) 03-?) 1234-?),,https://www.qoo10.jp/g/1103383976
"UNIQUE PRICE CO.,LTD.",국내,B,큐텐,+82-02-6900-5000,speed0109@hanmail.net,https://www.qoo10.jp/g/1167861740
"UUS CO.,LTD.",국내,B,큐텐,+82-010-8440-0804,uusbini@gmail.com,https://www.qoo10.jp/g/1187918595
Ulike株式会社,일본,B,큐텐,+81-050-3161-3100,jpsupport@ulikeglobal.com,https://www.qoo10.jp/g/1142166710
VL Global Ecom株式会社,일본,B,큐텐,+81-03-6866-2843,service@vip-support.jp,https://www.qoo10.jp/g/1005892511
VODANA,국내,B,큐텐,+82-010-4022-2041,order@vodana.co.kr,https://www.qoo10.jp/g/1092738523
VT COSMETICS Inc.,국내,B,큐텐,+82-070-8824-0805,ehkim@vt-cosmetics.com,https://www.qoo10.jp/g/1035782248
WANG RUIPING,미확인,B,큐텐,+86-182-6028-1692,,https://www.qoo10.jp/g/1165788244
WEIWEIホールディングス株式会社,일본,B,큐텐,+81-050-8882-5001,weimallqoo10@weiec.jp,https://www.qoo10.jp/g/973275975
WONDER LINE株式会社,일본,B,큐텐,+81-03-3401-1888,support@wonder-line.biz,https://www.qoo10.jp/g/1095915261
WUHOUQUYUWEIFENGSHANGMAOBU,미확인,B,큐텐,+86-153-5090-3479,baoziasd1@163.com,https://www.qoo10.jp/g/1165078430
WUHUTIANGONGTONGFENGSHEBEIYOUXIANGONGSI,미확인,B,큐텐,+86-162-9467-7539,,https://www.qoo10.jp/g/1194998124
"Wellbiz International CO.,LTD.",국내,B,큐텐,+82-010-7434-6255,,https://www.qoo10.jp/g/1178197801
Won's Time,국내,B,큐텐,+82-070-7893-1511,wonsfamily.korea@gmail.com,https://www.qoo10.jp/g/1087145033
XINING QIYUN MOTOR VEHICLE INFORMATION SERVICE CO LTD,미확인,B,큐텐,+86-162-3795-4974,sadad85WW@163.com,https://www.qoo10.jp/g/1189373171
Xian Bigao Machinery Equipment Manufacturing Co Ltd,미확인,B,큐텐,+86-131-0711-3449,yipei68392@163.com,https://www.qoo10.jp/g/1189222845
YANG DONGDONG,일본,B,큐텐,+81-080-8118-6392,yddryl@gmail.com,https://www.qoo10.jp/g/777237463
YANTAIBAIJIEGUOJIMAOYIYOUXIANGONGSI,미확인,B,큐텐,+86-171-1601-2251,xingqisi2029@163.com,https://www.qoo10.jp/g/1186364756
YONGTAIXIANXINGYUNWANGLUOKEJIYOUXIANGONGSI,미확인,B,큐텐,+86-157-5080-3493,,https://www.qoo10.jp/g/1192010737
"YOUNGSAENG TRADING CO.,LTD.",국내,B,큐텐,+82-010-5748-6097,okh9112@naver.com,https://www.qoo10.jp/g/1179791299
Yan Mingwei,미확인,B,큐텐,+86-186-5386-0921,kurashiclub@hotmail.com,https://www.qoo10.jp/g/1176047842
Yoshe Direct,일본,B,큐텐,+81-090-7834-5364,cheeryjp_direct@yahoo.co.jp,https://www.qoo10.jp/g/1190812865
ZAOZHUANGYUNXIANGJIDIANYOUXIANGONGSI,미확인,B,큐텐,+86-130-2680-1050,15966168772@163.com,https://www.qoo10.jp/g/1189353745
ZERO TO SEVEN INC.,국내,B,큐텐,+82-010-7711-4198,jyh0612@goongbe.com,https://www.qoo10.jp/g/1190282474
ZHANG YU,미확인,B,큐텐,,v8mall.official@gmail.com,https://www.qoo10.jp/g/1182405385
ZHANGJIAKOUSHUHANGSHANGMAOYOUXIANGONGSI,미확인,B,큐텐,+86-185-2301-7551,,https://www.qoo10.jp/g/1169525566
ZHENGZHOUSHIPEIDEWENHUACHUANMEIYOUXIANGONGSI,미확인,B,큐텐,+86-186-2735-6016,,https://www.qoo10.jp/g/1193239910
ZHENLUJINANSHANGMAOYOUXIANGONGSI,미확인,B,큐텐,+86-133-4311-6240,,https://www.qoo10.jp/g/1192568899
ZHUZHOUXIANGFUJINGMAOYOUXIANGONGSI,미확인,B,큐텐,+86-136-4707-9046,XMD35463456336@163.com,https://www.qoo10.jp/g/1195566931
"agentesoft Co,. Ltd.",국내,B,큐텐,+82-010-9791-0031,cs@agentesoft.com,https://www.qoo10.jp/g/1076156419
baba,국내,B,큐텐,+82-010-4805-7776,baba442562@naver.com,https://www.qoo10.jp/g/1053575374
cafebespoke,국내,B,큐텐,+82-010-2581-2329,,https://www.qoo10.jp/g/1160669375
changshalechigoushipinyouxianzerengongsi,미확인,B,큐텐,+852--5136-0967,vv18750010386@163.com,https://www.qoo10.jp/g/1156371347
chonjogukssanghwe,국내,B,큐텐,"+82-010-8475-9726, +82-010-8823-0413",canada292513@gmail.com,"https://www.qoo10.jp/g/1119776028, https://www.qoo10.jp/g/1177131794"
"daeun CO.,LTD.",국내,B,큐텐,+82-010-9485-5372,choigang2784@gmail.com,https://www.qoo10.jp/g/1184201485
ddntmall,국내,B,큐텐,+82-010-3336-8909,tonton.qoo10@gmail.com,https://www.qoo10.jp/g/1190497647
"design matter CO.,LTD.",국내,B,큐텐,+82-010-5388-1934,jbpteam@gmail.com,https://www.qoo10.jp/g/1194107218
dtoclab inc,국내,B,큐텐,+82-010-6285-9631,,https://www.qoo10.jp/g/1194553286
"d’Alba Global Co., Ltd.",국내,B,큐텐,+82-02-332-7727,qoo10_cs@dalba.com,https://www.qoo10.jp/g/909210007
eggplum,국내,B,큐텐,+82-010-5472-0623,eggplum67@gmail.com,https://www.qoo10.jp/g/924129488
einkerem,일본,B,큐텐,+81-?) 03-?) 1234-?),,https://www.qoo10.jp/g/1037457409
first penguin,일본,B,큐텐,+81-090-6837-5209,qoo10penteria@gmail.com,https://www.qoo10.jp/g/1171160767
firsthitech,일본,B,큐텐,+81-?) 03-?) 1234-?),ciior@naver.com,https://www.qoo10.jp/g/1025024505
from world,국내,B,큐텐,+82-010-2108-7953,seonatotoro77@gmail.com,https://www.qoo10.jp/g/1194289828
haru mall,국내,B,큐텐,+82-010-3562-1651,ejlee0526@naver.com,https://www.qoo10.jp/g/1190579250
hasajang,일본,B,큐텐,+81-?) 03-?) 1234-?),,https://www.qoo10.jp/g/1130974939
hi-k,일본,B,큐텐,+81-080-3799-1464,hik155828@gmail.com,https://www.qoo10.jp/g/702382111
jinansuerfushiyouxiangongsi,미확인,B,큐텐,+86-165-3261-2093,,https://www.qoo10.jp/g/1178523882
leemuyeon,국내,B,큐텐,+82-010-5339-4908,,https://www.qoo10.jp/g/1128239518
"megahit CO.,LTD.",국내,B,큐텐,+82-070-8706-1501,kohana1@wn1do.com,https://www.qoo10.jp/g/1146768082
momm company,국내,B,큐텐,+82-0507-1337-2046,mommcom8246@gmail.com,https://www.qoo10.jp/g/842673255
nuobochen,일본,B,큐텐,+81-080-5510-1716,nuobochenqoo10@163.com,https://www.qoo10.jp/g/919761572
peipei,미확인,B,큐텐,+86-198-5798-5756,691055572@qq.com,https://www.qoo10.jp/g/1191597654
soso,국내,B,큐텐,+82-010-5957-4200,rjcla05@naver.com,https://www.qoo10.jp/g/1124273950
ssomi,국내,B,큐텐,+82-010-3255-0076,ndona@naver.com,https://www.qoo10.jp/g/1098680159
thenido,국내,B,큐텐,+82-010-3045-3244,,https://www.qoo10.jp/g/1181256245
tokslife,국내,B,큐텐,+82-010-8009-7373,tokslife@naver.com,https://www.qoo10.jp/g/1158408533
what u want,국내,B,큐텐,+82-02-777-7777,,https://www.qoo10.jp/g/1056583539
"whfoodskorea CO.,LTD.",국내,B,큐텐,+82-010-5079-6420,whfoodskorea@whfoods.co.kr,https://www.qoo10.jp/g/1165841174
wowbiotech..co.ltd,국내,B,큐텐,+82-010-2041-0633,help@wowbio.co.kr,https://www.qoo10.jp/g/1144919951
yanchengyuefeifanjiajuyouxiangongsi,미확인,B,큐텐,+86-156-4037-1015,asjdkalng@163.com,https://www.qoo10.jp/g/1017523726
zhengzhouluhuamingcanyinguanliyouxiangongsi,미확인,B,큐텐,+86-195-3379-7134,mainyan2990@163.com,https://www.qoo10.jp/g/1152433704
zhou kou shi shui bo dian zi shang wu you xian gong si,미확인,B,큐텐,+86-185-9538-5357,xuwenhao185@163.com,https://www.qoo10.jp/g/1143224637
zhoukoushiduolishangmaoyouxiangongsi,미확인,B,큐텐,+86-177-9653-1275,,https://www.qoo10.jp/g/1186939570
㈜벤처피플,국내,B,사람인,,help@saramin.co.kr,https://www.saramin.co.kr/zf_user/jobs/relay/view?view_type=search&rec_idx=54261277&location=ts&searchword=%ED%81%90%ED%85%90&searchType=search&paid_fl=n&search_uuid=cfcd95c5-d509-4736-96db-e50f64a65477
株式会社 DCT COMPANY 77,일본,B,큐텐,+81-042-420-9678,support@berykoko.jp,https://www.qoo10.jp/g/1075763341
株式会社 I-ne,일본,B,큐텐,+81-0800-222-2578,q10-support@i-ne.co.jp,https://www.qoo10.jp/g/1091470869
株式会社ADSOUL,일본,B,큐텐,+81-03-6802-7542,adsoul2022@gmail.com,https://www.qoo10.jp/g/1189414435
株式会社AKINAI,일본,B,큐텐,+81-070-8599-5381,contact@od-akinai.com,https://www.qoo10.jp/g/1163091208
株式会社ALBONA,일본,B,큐텐,+81-090-7815-3890,qoo10-support@i-shoten.com,https://www.qoo10.jp/g/1097671463
株式会社ARIOSE,일본,B,큐텐,+81-03-6417-0109,info-qoo10@lilyanna.jp,https://www.qoo10.jp/g/709597394
株式会社ART AGE transport,일본,B,큐텐,+81-080-7626-0235,,https://www.qoo10.jp/g/1180303616
株式会社Ambition,일본,B,큐텐,+81-06-6563-9366,info@ambition-store.com,https://www.qoo10.jp/g/967445162
株式会社B&J,일본,B,큐텐,+81-0480-62-1139,qoo10@bandjnet.com,https://www.qoo10.jp/g/425880221
株式会社BANPUP,일본,B,큐텐,+81-03-5789-5847,info@banpup.com,https://www.qoo10.jp/g/1157662181
株式会社BISCO,일본,B,큐텐,+81-06-6655-0332,support@kaminidoramawo.jp,https://www.qoo10.jp/g/1133628578
株式会社BJC,일본,B,큐텐,+81-080-4889-4632,bjc.ec@bjc-inc.com,https://www.qoo10.jp/g/1095775229
株式会社CIBELES,일본,B,큐텐,+81-050-6865-7858,"lemonshop_qoo10@cibeles.co.jp, royal_qoo10@cibeles.co.jp","https://www.qoo10.jp/g/774075291, https://www.qoo10.jp/g/990019242"
株式会社DCイノベーション,일본,B,큐텐,+81-086-230-5622,support-qoo10@ant-pack.com,https://www.qoo10.jp/g/1063220405
株式会社ELUCE trading,일본,B,큐텐,+81-06-6318-7933,,https://www.qoo10.jp/g/1193496251
株式会社ESK,일본,B,큐텐,+81-086-236-7724,saes-company@tiny-usa-6126.icurus.jp,https://www.qoo10.jp/g/1137829517
株式会社EVLISS,일본,B,큐텐,+81-072-861-5180,,https://www.qoo10.jp/g/891361986
株式会社Freiheit,일본,B,큐텐,+81-03-6811-6978,info.eone10@gmail.com,https://www.qoo10.jp/g/1191917343
株式会社Global Style Japan,일본,B,큐텐,+81-06-6423-8114,info@gs-jpn.com,https://www.qoo10.jp/g/1095055060
株式会社Glood roi,일본,B,큐텐,+81-070-8435-9613,info@gloodroi.co.jp,https://www.qoo10.jp/g/1042699923
株式会社GrandPrix,일본,B,큐텐,+81-043-497-3389,contact@grandprix-co.com,https://www.qoo10.jp/g/904979206
株式会社H2O,일본,B,큐텐,+81-070-8992-3189,h2o.ecmall@gmail.com,https://www.qoo10.jp/g/1014601960
株式会社IN STYLE JAPAN,일본,B,큐텐,+81-03-6205-6647,macapresso@cucumakorea.com,https://www.qoo10.jp/g/1188336342
株式会社KINS,일본,B,큐텐,+81-03-4580-2285,,https://www.qoo10.jp/g/1153239128
株式会社LUXSEED,일본,B,큐텐,+81-092-710-6572,qoo10@luxseed.com,https://www.qoo10.jp/g/1149796744
株式会社Lafitte,일본,B,큐텐,+81-089-993-5519,info@lafitte.co.jp,https://www.qoo10.jp/g/1175431149
株式会社Lcode,일본,B,큐텐,+81-0120-545-966,info@teacon.jp,https://www.qoo10.jp/g/694548248
株式会社MKH,일본,B,큐텐,+81-042-937-7662,info-ec@mkh2017.com,https://www.qoo10.jp/g/1135009894
株式会社MTG,일본,B,큐텐,+81-0120-467-222,info@mtgec.jp,https://www.qoo10.jp/g/779785428
株式会社NASTY JAPAN,일본,B,큐텐,+81-070-9071-6757,support@nastystore.jp,https://www.qoo10.jp/g/1186369703
株式会社NISSO,일본,B,큐텐,+81-03-6384-1387,ariana@nisso-cosme.com,https://www.qoo10.jp/g/1191434559
株式会社NOSC,일본,B,큐텐,+81-03-4565-0010,common@cs-fom.com,https://www.qoo10.jp/g/1129993486
株式会社NR,일본,B,큐텐,+81-03-6667-0436,,https://www.qoo10.jp/g/1160335780
株式会社PIENA,일본,B,큐텐,+81-03-6659-3319,qoo10@piena.info,https://www.qoo10.jp/g/794884033
株式会社PITTI,일본,B,큐텐,+81-090-3428-7519,,https://www.qoo10.jp/g/1181390061
株式会社PMJ,일본,B,큐텐,+81-0120-999-686,petio-online-shop@petio.com,https://www.qoo10.jp/g/1090268789
株式会社Q美ワールド,일본,B,큐텐,+81-06-7668-0212,info@be-garden.com,https://www.qoo10.jp/g/1096909333
株式会社RiLiSh,일본,B,큐텐,+81-080-8914-2258,info@rilish.co.jp,https://www.qoo10.jp/g/1179624401
株式会社RiseUP,일본,B,큐텐,"+81-0120-33-1251, +81-0120-432-012","qoo10_support@bonanza-park.jp, qoo10_support@morecon.jp","https://www.qoo10.jp/g/1018441282, https://www.qoo10.jp/g/818605261"
株式会社S-mart,일본,B,큐텐,+81-0979-25-1536,q10@s-mart.shoes,https://www.qoo10.jp/g/1163112485
株式会社SAEDA,일본,B,큐텐,+81-084-932-6800,f-okinogami@saeda.co.jp,https://www.qoo10.jp/g/1069798743
株式会社Sign,일본,B,큐텐,+81-090-1283-2189,,https://www.qoo10.jp/g/1167517692
株式会社Snatch  Wacko,일본,B,큐텐,+81-070-4319-5087,endou_isamu@sumiboshi.jp,https://www.qoo10.jp/g/1162234928
株式会社String,일본,B,큐텐,+81-080-7156-6985,info@ap-string.jp,https://www.qoo10.jp/g/1126704322
株式会社ULTRA　MARKET,일본,B,큐텐,+81-080-3441-6079,info@ultramarket.co.jp,https://www.qoo10.jp/g/1007227389
株式会社Ultimate Life,일본,B,큐텐,+81-079-280-2324,libertashop-qoo10@ultimatelife.co.jp,https://www.qoo10.jp/g/636233634
株式会社ZOA,일본,B,큐텐,+81-034-590-6132,,https://www.qoo10.jp/g/1179874031
株式会社adapt retailing,일본,B,큐텐,+81-0120-464-911,coca@cocacoca.jp,https://www.qoo10.jp/g/1190214263
株式会社eLcrews,일본,B,큐텐,+81-0422-29-3705,q10.info@okusuri.tokyo,https://www.qoo10.jp/g/1085389673
株式会社maution,일본,B,큐텐,+81-086-697-6232,info@maution.co.jp,https://www.qoo10.jp/g/1038587394
株式会社mira,일본,B,큐텐,+81-050-5369-5351,shop@mira-inc.jp,https://www.qoo10.jp/g/1128916481
株式会社y's,일본,B,큐텐,+81-090-8060-5049,,https://www.qoo10.jp/g/1019304050
株式会社家電のSAKURA,일본,B,큐텐,+81-06-6632-5486,q10-info@kaden-sakura.com,https://www.qoo10.jp/g/1141783678
굿커리어,국내,B,사람인,,insa@goodcareer.co.kr,https://www.saramin.co.kr/zf_user/jobs/relay/view?view_type=search&rec_idx=54144070&location=ts&searchword=%ED%81%90%ED%85%90&searchType=search&paid_fl=n&search_uuid=1ec0869b-d764-4591-b54a-13718682734f
달링커뮤니케이션,국내,B,원티드,,,"https://www.wanted.co.kr/wd/307954, https://www.wanted.co.kr/wd/359347"
레이어바이레이어,국내,B,원티드,,,https://www.wanted.co.kr/wd/366597
리메세(주),국내,B,사람인,,help@saramin.co.kr,https://www.saramin.co.kr/zf_user/jobs/relay/view?view_type=search&rec_idx=54273274&location=ts&searchword=%ED%81%90%ED%85%90&searchType=search&paid_fl=n&search_uuid=8e2f5fde-8607-466d-9b51-96ad3a785e16
모아씨앤씨(주),국내,B,사람인,,"help@saramin.co.kr, hyeyeon.jeong@enerzai.com","https://www.saramin.co.kr/zf_user/jobs/relay/view?view_type=search&rec_idx=54110430&location=ts&searchword=%ED%81%90%ED%85%90&searchType=search&paid_fl=n&search_uuid=cfcd95c5-d509-4736-96db-e50f64a65477, https://www.saramin.co.kr/zf_user/jobs/relay/view?view_type=search&rec_idx=54110444&location=ts&searchword=%ED%81%90%ED%85%90&searchType=search&paid_fl=n&search_uuid=1ec0869b-d764-4591-b54a-13718682734f, https://www.saramin.co.kr/zf_user/jobs/relay/view?view_type=search&rec_idx=54112239&location=ts&searchword=%ED%81%90%ED%85%90&searchType=search&paid_fl=n&search_uuid=6192c8e9-ce72-4138-a639-60650fbf119d"
샵리스트코리아(유),국내,B,사람인,,help@saramin.co.kr,"https://www.saramin.co.kr/zf_user/jobs/relay/view?view_type=search&rec_idx=54214928&location=ts&searchword=%ED%81%90%ED%85%90&searchType=search&paid_fl=n&search_uuid=a24df5a6-1b60-47c9-9dfd-5d12e2cb542d, https://www.saramin.co.kr/zf_user/jobs/relay/view?view_type=search&rec_idx=54215719&location=ts&searchword=%ED%81%90%ED%85%90&searchType=search&paid_fl=n&search_uuid=a24df5a6-1b60-47c9-9dfd-5d12e2cb542d"
셀잇(주),국내,B,사람인,,help@saramin.co.kr,https://www.saramin.co.kr/zf_user/jobs/relay/view?view_type=search&rec_idx=54224392&location=ts&searchword=%ED%81%90%ED%85%90&searchType=search&paid_fl=n&search_uuid=8e2f5fde-8607-466d-9b51-96ad3a785e16
안앤케이글로벌,국내,B,원티드,,,https://www.wanted.co.kr/wd/349805
알엘에이피(주),국내,B,사람인,,help@saramin.co.kr,https://www.saramin.co.kr/zf_user/jobs/relay/view?view_type=search&rec_idx=53879276&location=ts&searchword=%ED%81%90%ED%85%90&searchType=search&paid_fl=n&search_uuid=6192c8e9-ce72-4138-a639-60650fbf119d
에버브레인컨설팅(주),국내,B,사람인,,help@saramin.co.kr,https://www.saramin.co.kr/zf_user/jobs/relay/view?view_type=search&rec_idx=54148581&location=ts&searchword=%ED%81%90%ED%85%90&searchType=search&paid_fl=n&search_uuid=1ec0869b-d764-4591-b54a-13718682734f
에이스휴먼파워(주),국내,B,사람인,,help@saramin.co.kr,https://www.saramin.co.kr/zf_user/jobs/relay/view?view_type=search&rec_idx=54004827&location=ts&searchword=%ED%81%90%ED%85%90&searchType=search&paid_fl=n&search_uuid=1ec0869b-d764-4591-b54a-13718682734f
에코디엠랩(주),국내,B,사람인,,help@saramin.co.kr,https://www.saramin.co.kr/zf_user/jobs/relay/view?view_type=search&rec_idx=53826934&location=ts&searchword=%ED%81%90%ED%85%90&searchType=search&paid_fl=n&search_uuid=1ec0869b-d764-4591-b54a-13718682734f
여우화장,국내,B,사람인,,help@saramin.co.kr,https://www.saramin.co.kr/zf_user/jobs/relay/view?view_type=search&rec_idx=54205875&location=ts&searchword=%ED%81%90%ED%85%90&searchType=search&paid_fl=n&search_uuid=8e2f5fde-8607-466d-9b51-96ad3a785e16
위시컴퍼니(주),국내,B,사람인,,help@saramin.co.kr,"https://www.saramin.co.kr/zf_user/jobs/relay/view?view_type=search&rec_idx=54022854&location=ts&searchword=%ED%81%90%ED%85%90&searchType=search&paid_fl=n&search_uuid=a24df5a6-1b60-47c9-9dfd-5d12e2cb542d, https://www.saramin.co.kr/zf_user/jobs/relay/view?view_type=search&rec_idx=54044505&location=ts&searchword=%ED%81%90%ED%85%90&searchType=search&paid_fl=n&search_uuid=1ec0869b-d764-4591-b54a-13718682734f, https://www.saramin.co.kr/zf_user/jobs/relay/view?view_type=search&rec_idx=54044768&location=ts&searchword=%ED%81%90%ED%85%90&searchType=search&paid_fl=n&search_uuid=6192c8e9-ce72-4138-a639-60650fbf119d, https://www.saramin.co.kr/zf_user/jobs/relay/view?view_type=search&rec_idx=54143829&location=ts&searchword=%ED%81%90%ED%85%90&searchType=search&paid_fl=n&search_uuid=6192c8e9-ce72-4138-a639-60650fbf119d, https://www.saramin.co.kr/zf_user/jobs/relay/view?view_type=search&rec_idx=54256353&location=ts&searchword=%ED%81%90%ED%85%90&searchType=search&paid_fl=n&search_uuid=6192c8e9-ce72-4138-a639-60650fbf119d"
유니콘바인(주),국내,B,사람인,,help@saramin.co.kr,https://www.saramin.co.kr/zf_user/jobs/relay/view?view_type=search&rec_idx=54150096&location=ts&searchword=%ED%81%90%ED%85%90&searchType=search&paid_fl=n&search_uuid=8e2f5fde-8607-466d-9b51-96ad3a785e16
제이디티씨,국내,B,원티드,,,https://www.wanted.co.kr/wd/351056
주식회사 글로벌아크,국내,B,사람인,,help@saramin.co.kr,https://www.saramin.co.kr/zf_user/jobs/relay/view?view_type=search&rec_idx=54086060&location=ts&searchword=%ED%81%90%ED%85%90&searchType=search&paid_fl=n&search_uuid=8e2f5fde-8607-466d-9b51-96ad3a785e16
주식회사 블렌디크,국내,B,사람인,,help@saramin.co.kr,https://www.saramin.co.kr/zf_user/jobs/relay/view?view_type=search&rec_idx=54167893&location=ts&searchword=%ED%81%90%ED%85%90&searchType=search&paid_fl=n&search_uuid=a24df5a6-1b60-47c9-9dfd-5d12e2cb542d
주식회사 서울글로벌마케팅,국내,B,사람인,,help@saramin.co.kr,"https://www.saramin.co.kr/zf_user/jobs/relay/view?view_type=search&rec_idx=54084847&location=ts&searchword=%ED%81%90%ED%85%90&searchType=search&paid_fl=n&search_uuid=cfcd95c5-d509-4736-96db-e50f64a65477, https://www.saramin.co.kr/zf_user/jobs/relay/view?view_type=search&rec_idx=54253774&location=ts&searchword=%ED%81%90%ED%85%90&searchType=search&paid_fl=n&search_uuid=8e2f5fde-8607-466d-9b51-96ad3a785e16"
주식회사 제이앤코파운데이션,국내,B,사람인,,help@saramin.co.kr,https://www.saramin.co.kr/zf_user/jobs/relay/view?view_type=search&rec_idx=54106552&location=ts&searchword=%ED%81%90%ED%85%90&searchType=search&paid_fl=n&search_uuid=1ec0869b-d764-4591-b54a-13718682734f
주식회사 청담글로벌,국내,B,사람인,,help@saramin.co.kr,"https://www.saramin.co.kr/zf_user/jobs/relay/view?view_type=search&rec_idx=53792895&location=ts&searchword=%ED%81%90%ED%85%90&searchType=search&paid_fl=n&search_uuid=8e2f5fde-8607-466d-9b51-96ad3a785e16, https://www.saramin.co.kr/zf_user/jobs/relay/view?view_type=search&rec_idx=53792895&location=ts&searchword=%ED%81%90%ED%85%90&searchType=search&paid_fl=n&search_uuid=cfcd95c5-d509-4736-96db-e50f64a65477"
주식회사마인드스낵,국내,B,사람인,,help@saramin.co.kr,https://www.saramin.co.kr/zf_user/jobs/relay/view?view_type=search&rec_idx=54193059&location=ts&searchword=%ED%81%90%ED%85%90&searchType=search&paid_fl=n&search_uuid=a24df5a6-1b60-47c9-9dfd-5d12e2cb542d
주식회사푼바키,국내,B,사람인,,help@saramin.co.kr,https://www.saramin.co.kr/zf_user/jobs/relay/view?view_type=search&rec_idx=54268718&location=ts&searchword=%ED%81%90%ED%85%90&searchType=search&paid_fl=n&search_uuid=8e2f5fde-8607-466d-9b51-96ad3a785e16
커리어셀파,국내,B,사람인,,"help@saramin.co.kr, lge@saraminhs.co.kr","https://www.saramin.co.kr/zf_user/jobs/relay/view?view_type=search&rec_idx=54200099&location=ts&searchword=%ED%81%90%ED%85%90&searchType=search&paid_fl=n&search_uuid=a24df5a6-1b60-47c9-9dfd-5d12e2cb542d, https://www.saramin.co.kr/zf_user/jobs/relay/view?view_type=search&rec_idx=54200170&location=ts&searchword=%ED%81%90%ED%85%90&searchType=search&paid_fl=n&search_uuid=6192c8e9-ce72-4138-a639-60650fbf119d"
컨티뉴엄파트너스(주),국내,B,사람인,,"help@saramin.co.kr, job@thefounders.kr","https://www.saramin.co.kr/zf_user/jobs/relay/view?view_type=search&rec_idx=54054409&location=ts&searchword=%ED%81%90%ED%85%90&searchType=search&paid_fl=n&search_uuid=8e2f5fde-8607-466d-9b51-96ad3a785e16, https://www.saramin.co.kr/zf_user/jobs/relay/view?view_type=search&rec_idx=54054409&location=ts&searchword=%ED%81%90%ED%85%90&searchType=search&paid_fl=n&search_uuid=cfcd95c5-d509-4736-96db-e50f64a65477"
코리아써치,국내,B,사람인,,help@saramin.co.kr,https://www.saramin.co.kr/zf_user/jobs/relay/view?view_type=search&rec_idx=54261285&location=ts&searchword=%ED%81%90%ED%85%90&searchType=search&paid_fl=n&search_uuid=cfcd95c5-d509-4736-96db-e50f64a65477
코스맥스비티아이(주),국내,B,사람인,,help@saramin.co.kr,https://www.saramin.co.kr/zf_user/jobs/relay/view?view_type=search&rec_idx=54216620&location=ts&searchword=%ED%81%90%ED%85%90&searchType=search&paid_fl=n&search_uuid=8e2f5fde-8607-466d-9b51-96ad3a785e16
터닝포인트HR,국내,B,사람인,,help@saramin.co.kr,https://www.saramin.co.kr/zf_user/jobs/relay/view?view_type=search&rec_idx=54206501&location=ts&searchword=%ED%81%90%ED%85%90&searchType=search&paid_fl=n&search_uuid=1ec0869b-d764-4591-b54a-13718682734f
터틀커머스,국내,B,사람인,,help@saramin.co.kr,https://www.saramin.co.kr/zf_user/jobs/relay/view?view_type=search&rec_idx=54103459&location=ts&searchword=%ED%81%90%ED%85%90&searchType=search&paid_fl=n&search_uuid=8e2f5fde-8607-466d-9b51-96ad3a785e16
파워에이치알,국내,B,사람인,,green@powerhr.co.kr,https://www.saramin.co.kr/zf_user/jobs/relay/view?view_type=search&rec_idx=54273301&location=ts&searchword=%ED%81%90%ED%85%90&searchType=search&paid_fl=n&search_uuid=6192c8e9-ce72-4138-a639-60650fbf119d
팔로우미코스메틱(주),국내,B,사람인,,help@saramin.co.kr,https://www.saramin.co.kr/zf_user/jobs/relay/view?view_type=search&rec_idx=54121922&location=ts&searchword=%ED%81%90%ED%85%90&searchType=search&paid_fl=n&search_uuid=a24df5a6-1b60-47c9-9dfd-5d12e2cb542d
프로페셔날핸즈인핸즈코리아(주),국내,B,사람인,,sally@prohanzkorea.co.kr,"https://www.saramin.co.kr/zf_user/jobs/relay/view?view_type=search&rec_idx=54130284&location=ts&searchword=%ED%81%90%ED%85%90&searchType=search&paid_fl=n&search_uuid=8e2f5fde-8607-466d-9b51-96ad3a785e16, https://www.saramin.co.kr/zf_user/jobs/relay/view?view_type=search&rec_idx=54168968&location=ts&searchword=%ED%81%90%ED%85%90&searchType=search&paid_fl=n&search_uuid=1ec0869b-d764-4591-b54a-13718682734f, https://www.saramin.co.kr/zf_user/jobs/relay/view?view_type=search&rec_idx=54234171&location=ts&searchword=%ED%81%90%ED%85%90&searchType=search&paid_fl=n&search_uuid=a24df5a6-1b60-47c9-9dfd-5d12e2cb542d"
휴머레인컨설팅,국내,B,사람인,,"jamie@humarain.co.kr, jyhan80@etude.co.kr","https://www.saramin.co.kr/zf_user/jobs/relay/view?view_type=search&rec_idx=54234762&location=ts&searchword=%ED%81%90%ED%85%90&searchType=search&paid_fl=n&search_uuid=1ec0869b-d764-4591-b54a-13718682734f, https://www.saramin.co.kr/zf_user/jobs/relay/view?view_type=search&rec_idx=54234769&location=ts&searchword=%ED%81%90%ED%85%90&searchType=search&paid_fl=n&search_uuid=a24df5a6-1b60-47c9-9dfd-5d12e2cb542d, https://www.saramin.co.kr/zf_user/jobs/relay/view?view_type=search&rec_idx=54234771&location=ts&searchword=%ED%81%90%ED%85%90&searchType=search&paid_fl=n&search_uuid=a24df5a6-1b60-47c9-9dfd-5d12e2cb542d"
