companyName,storeName,contactName,telInfo,mailInfo,addressInfo,customerCenter,categoryName,productUrl
株式会社パレンテ,√♡（Root lens）,田淵章太,,,,平日10:00～13:00、15:00~17:00,ビューティ,https://www.qoo10.jp/g/956974185
茜貝雅有限公司,モーキス Mooekiss 日本公式,,+86-150-0471-5128,,"16th Floor, Hengding Building, Xixing Street, Binjiang District, Hangzhou, Zhejiang Province Binjiang, Hangzhou, Zhejiang",,ビューティ,https://www.qoo10.jp/g/1173229320
上海卉僮贸易有限公司,XIXI OFFICIAL,Alvin,+86-187-0181-6341,super-alvin@outlook.com,24-26No NEW TERRITORIES SHEUNG SHUI PO PING ROAD,当店は年中無休で出荷し、24時間オンラインでお問い合わせします,ビューティ,https://www.qoo10.jp/g/830007630
LENSMODE PTE.LTD,コンタクト通販 LENSMODE,"LENS MODE PTE,LTD.",+65--6747-0095,qoo10_sp@lensmode.com,#05-01 NATURAL COOL LIFESTYLE HUB 29 TAI SENG AVENUE,,ビューティ,https://www.qoo10.jp/g/440306698
杭州方里化妆品科技有限公司,FUNNY ELVES,宋菲,+86-185-8850-2949,JPN@funnyelves.com,"Room 1517, 15th Floor, Building 8, No.19 Jugong Road, Xixing Street Zhejiang Hangzhou Binjiang",,ビューティ,https://www.qoo10.jp/g/1161810511
Shanghai Xingmang Trading Company Limited,Joocyee公式ショップ,,+86-155-2737-2019,,"Building 1, 8218 Jinda Road Fengxian, Shanghai, Shanghai",,ビューティ,https://www.qoo10.jp/g/1160107545
TKR SUCCESS LIMITED PARTNERSHIP,タイサプリ　輸入代行カリス,,+66-847-1726-20,,"Kozy Korner (Room D12) 42/23-24 Moo 5, Kamnan Maen Road Bang Khun Thian Sub-district, Chom Thong Dis Kozy Korner (Room D12) 42/23-24 Moo 5, Kamnan Maen Road Bang Khun Thian Sub-district, Chom Thong Dis",,サプリ・ダイエット,https://www.qoo10.jp/g/1167461178
株式会社オーガランド,オーガランド,上野 正博,,qoo10@ogaland.com,,,サプリ・ダイエット,https://www.qoo10.jp/g/428961628
Panida Srissrd,Panida Shop,Panida Srissrd,+66-99-059-4641,panidasrisaard1002@gmail.com,"Pracha Unit Rd., Thung Khru Khet, Thung Khru, Bangkok, Thailand, 10140, 555 / 29, Soi 13, Baan Fah Green Park Royal Thonburirom, Pracha Unit 98,",,サプリ・ダイエット,https://www.qoo10.jp/g/1031814906
yanchengyuefeifanjiajuyouxiangongsi,ARCTIC QUEEN 公式ストア,yanchengyuefeifanjiajuyouxiangongsi,+86-156-4037-1015,asjdkalng@163.com,xinxingzhenxinjiancun(10) Jiangsu Yancheng Pavilion Lakes,,メンズ・スポーツ,https://www.qoo10.jp/g/1017523726
zhengzhouluhuamingcanyinguanliyouxiangongsi,wusuobici,zhengzhouluhuamingcanyinguanliyouxiangongsi,+86-195-3379-7134,mainyan2990@163.com,henanzimaoshiyanquzhengzhoupianqu(zhengdong)fululuyupujilujiaochakouhaifuguojiyilou107shi Henan Zhengzhou On the street,,メンズ・スポーツ,https://www.qoo10.jp/g/1152433704
金貝比（香港）貿易有限公司,yete公式ショップQoo10店,金貝比（香港）貿易有限公司,+852--6437-8915,JBB071211@outlook.com,RM 3 27/F HO KING COMM CTR NO 2-16 FA YOEN ST MONG KOK KL KOWLOON MONG KOK FA YUEN STREET,12時までの注文で当日出荷「土日祝除く」,家電・PC・イヤホン,https://www.qoo10.jp/g/896545672
深圳乐会创新科技有限公司,Urcom,Yuriko,+86-198-4218-9713,support@aestiquo.com,千葉県 成田市 南三里塚 プロロジスパーク成田1-B 1階 NO10E002,,家電・PC・イヤホン,https://www.qoo10.jp/g/1148065436
SICHUANJIARUIBOXINSHANGMAOYOUXIANGONGSI,flyaway,,+86-131-0126-2967,tow242@mepo.uk,"jinfulu669hao12dong1ceng8hao Jinniu, Chengdu, Sichuan",,家電・PC・イヤホン,https://www.qoo10.jp/g/1194616905
株式会社アキトモ,GAMEダッシュ,秋朝一範,0766-23-0639,akitomo@p1.coralnet.or.jp,富山県 高岡市 泉が丘 ３３００番地の１４８,"月~金：午前9時~午後6時
土：午前9時~午後1時
日・祝、定休日：休務",家電・PC・イヤホン,https://www.qoo10.jp/g/612116077
成都广悦尚品箱包有限公司,GUANGYUE,谭广,+86-130-5724-2475,gyuenews@163.com,DAFENGJIEDAOYONGHELU37HAO Sichuan Chengdu Xindu,,家電・PC・イヤホン,https://www.qoo10.jp/g/1130263034
香港龍安達有限公司,hale1160,香港龍安達有限公司,+852--5233-5351,hgfnfdg@163.com,"RM4, 16/F, HO KING COMM CTR, 2-16 FAYUEN ST, MONGKOK KOWLOON HONG KONG KOWLOON MONG KOK FA YUEN STREET",,家電・PC・イヤホン,https://www.qoo10.jp/g/1160163156
株式会社ジェネレーションパス,リコメン堂,金田将希,03-6679-1678,info@recommendo.jp,東京都 新宿区 西新宿 6-12-1西新宿パークウエストビル5Ｆ,"土日祝除く平日 　10：00～17：00
（電話受付時間は、平日10:00～12:30、13:30～17:00となります）",家電・PC・イヤホン,https://www.qoo10.jp/g/486633658
深圳市倚民科技有限公司,Small Wind,hanfeng,+86-153-0987-3695,wah98749@163.com,"Room 101, 1st Floor, No.7 Lane 3, Laogan New Village, Buji Street Liaoning Shenyang Dongling",月曜日から日曜日の9.30-18時まで,家電・PC・イヤホン,https://www.qoo10.jp/g/1056540984
东莞市莱瑞商贸有限公司,LAIRUI-costume,黎玉莲,+86-153-2290-8860,,"No.35, Tangwei Market North Street, Shipai Town Guangdong Dongguan Dongguan",,家電・PC・イヤホン,https://www.qoo10.jp/g/1097545765
市北区阳颂新锐互联网销售店,YangSong・優品専門店,YANGZHENXIU,+86-150-6689-7359,360197957@qq.com,cuobulingerlu22hao4danyuan501hu Shandong Qingdao North,,家電・PC・イヤホン,https://www.qoo10.jp/g/1173101432
JI KUAI WU LIU AN HUI YOU XIAN GONG SI,sugeigeiAH,WANGYAMENG,+86-132-7264-6155,,"Room 1505, Building A, Xinhua International Plaza, Qianshan Road, Shushan District, Hefei City, Anhui Province Anhui Hefei Shushan",,家電・PC・イヤホン,https://www.qoo10.jp/g/1113388513
佛山市梦美轩妮家具有限公司,バニラアイスクリーム,佛山市梦美轩妮家具有限公司,+86-187-1113-2393,yuy6289dsawxzs@126.com,jiujiangzhenshatouzhongxiangongluyingmingluduantanruiquanzongheloubzuoshouceng2hao Guangdong Foshan Nanhai,,家電・PC・イヤホン,https://www.qoo10.jp/g/1188206352
Yan Mingwei,暮らしグラブ,Yan Mingwei,+86-186-5386-0921,kurashiclub@hotmail.com,dongpingjiedao jiangnanfudi 5-401 Shandong Tai Dongping,,家電・PC・イヤホン,https://www.qoo10.jp/g/1176047842
HUIDELISHANGYEFUWU(SHENZHEN)YOUXIANGONGSI,何でも揃うデパート,,+86-183-2072-3288,,"Room 3004, Building 2, Haixinyuan, No. 4005, Huaqiang North Road, Huahong Community, Huaqiangbei Sub Futian, Shenzhen, Guangdong",,家電・PC・イヤホン,https://www.qoo10.jp/g/1172751526
深圳市能量守恒新能源有限公司,QIQIWA,,+86-178-2445-0716,2387720107@qq.com,"24A9-24A10, Benyuan Building, No. 6015, Shennan Avenue, Tian'an Community, Shatou Street, Futian Dis Futian, Shenzhen, Guangdong",,家電・PC・イヤホン,https://www.qoo10.jp/g/1146018615
广州天河区芳街科技有限公司,tianhefangjie,广州天河区芳街科技有限公司,+86-171-0011-3154,,keyunlu102hao301shi Guangdong Guangzhou Tianhe,,家電・PC・イヤホン,https://www.qoo10.jp/g/1097630190
ShanDong KailongyibiaoKeji YouXiangongsi,TRENDY GIRL,ShanDong KailongyibiaoKeji YouXiangongsi,+86-139-5075-3062,zhengqianqian1010@163.com,"RenHeJieDao,GuangMingLuDongDuanluNan300Mi Shandong Liaocheng Gaotang",,家電・PC・イヤホン,https://www.qoo10.jp/g/1149898275
CHENZHOUYONGBANGMAOYIYOUXIANGONGSI,Trendy boutique,zkk2,+86-176-9498-1462,,"Room 501, Unit 1, Building 7, Huashen Capital, Yizhang Avenue, Yuxi Town Hunan Chenzhou Yizhang County",,家電・PC・イヤホン,https://www.qoo10.jp/g/1182064671
DALIANHUAYUKUAJINGDIANSHANGMAOYIYOUXIANGONGSI,HuayuTrading,桃子,+86-130-5054-8679,,東京都 国分寺市 本町 1-1-1,,家電・PC・イヤホン,https://www.qoo10.jp/g/1043791701
GAOZHOU ZHENGYUAN ELECTRONIC COMMERCE CO LTD,SKVJZX,gao zhou shi zheng yuan dian zi shang wu you xian gong si,+852--5308-2860,,群馬県 前橋市 元総社町 2-2-9,,日用品・生活,https://www.qoo10.jp/g/1019600876
深圳市御仕家贸易有限公司,yushijia,,+86-187-5605-9471,,"C1001 Innovation Plaza, No. 2007 Pingshan Avenue, Liulian Community, Pingshan Street, Pingshan Distr Longgang, Shenzhen, Guangdong",,日用品・生活,https://www.qoo10.jp/g/1191226336
CHEN ANLONG,Come again,CHEN,+86-187-6400-0079,,Anhui Chuzhou Lai Anhui Chuzhou Lai,"月～金：午前9時～午後6時
土曜日：午前9時～午後1時
日曜日、公休日：休業",日用品・生活,https://www.qoo10.jp/g/777779244
抚顺市聊生网络科技有限公司,YOHOO!,潘茗栩,+86-191-2063-2092,xianyumaidian@163.com,"Store 35, Building 53-5, Middle Section of Hunhe South Road Liaoning Fushun Xinfu",,日用品・生活,https://www.qoo10.jp/g/1092467094
Aurora Sports Group Limited,TOPTOY公式,Aurora Sports Group Limited,+86-186-1526-1083,aurorasports2024@163.com,"UNIT 1605, 16/F WESTLEY SQUARE 48 HOI YUEN RD KWUN TONG KLN HONG KONG KOWLOON KWUN TONG HOI YUEN ROAD",,日用品・生活,https://www.qoo10.jp/g/1121684680
昆明隔垫网络科技有限公司,hacoop,,+86-187-5713-6977,yajiang20260306@163.com,NEW TERRITORIES YUEN LONG SECTION B 7TH STREET NEW TERRITORIES YUEN LONG SECTION B 7TH STREET,,日用品・生活,https://www.qoo10.jp/g/1194994883
义乌市樱朵电子商务商行,HL Star,HL Star,+86-137-3890-6861,,qingxuelu 311 Zhejiang Hangzhou Binjiang,"月~金：午前9時~午後6時
土：午前9時~午後1時
日、定休日：休務",日用品・生活,https://www.qoo10.jp/g/1149203001
武汉鸿井网络科技有限公司,野子の小さな店,,+86-155-2461-5707,,"Room 210, Innovation Workshop, No. 24, Qiyun Road, Economic and Technological Development Zone, Hefe Jiangxia, Wuhan, Hubei",,日用品・生活,https://www.qoo10.jp/g/1173079931
武侯区舒美人商贸部,SUmeiren,liuxiaoqin,+86-159-1250-5642,sumeiren444@163.com,SICHUANSHENGCHENGDUSHIWUHOUQUJIANGXIJIE12HAO3CENG301HAO Sichuan Chengdu Wuhou,,日用品・生活,https://www.qoo10.jp/g/1181227244
Qinhuangdao Poqu Shangmao Youxian Gongsi,Ali Store,,+86-132-7200-6245,kx3sov@111.com,"Beihuan Lu Jiedao, Shiji Xingyuan 7 Dong 2 Danyuan 203 Shi Harbor area, Qinhuangdao, Hebei",,日用品・生活,https://www.qoo10.jp/g/1195467956
Chen Neng Jye,小豆-dodopets,Chen Neng Jye,+886-975-9623-58,jpebay10@gmail.com,"1F., No.86, Daren St., North Dist., Taichung City 40453, Taiwan North Dist., Taichung City","月曜日～金曜日：10：00～18：00
土曜日、日曜日、祝日：休業",日用品・生活,https://www.qoo10.jp/g/1188504582
丽水菲可童装厂,Cityofsky889,zhoulifei,+86-155-0613-9828,,lishuishilianduqubihuzhenzhouxiangcun110hao Zhejiang Lishui Liandu,,日用品・生活,https://www.qoo10.jp/g/1131669760
石井　敏春,balishop,hideto ishii,+62-0895-2711-7209,,SUKOREJO RT 2 RW 19 BANJARSARI Jawa Tengah Surakarta Kadipiro,,日用品・生活,https://www.qoo10.jp/g/1071556025
SIXIANSHIMUYOUHUAXIANHUADIAN,BEIGE| ベイジ,DONGQIAN,+86-155-5110-3623,,YUNHEJIEDAOBIANGUANGSHEQUNANMEN1714HAO Anhui Suzhou Sixian,,日用品・生活,https://www.qoo10.jp/g/1157594426
青岛双普进出口有限公司,公式店-専門正規品,,+86-132-5673-3046,,"Room 2806, 2807, 2808, 2809, 2810, 2811, North Office Unit, No.157 Jinggangshan Road, Huangdao Distr Huangdao, Qingdao, Shandong",,日用品・生活,https://www.qoo10.jp/g/1181639135
杭州子杰运动船桨有限公司,cherry’s beauty store,,+86-175-5199-7790,,"No. 39, Baoshan Road, Chunhua Village, Fuchun Street, Fuyang District, Hangzhou Fuyang, Hangzhou, Zhejiang",,日用品・生活,https://www.qoo10.jp/g/1165749779
自贡几朵云商贸有限公司,jiduoyun,自贡几朵云商贸有限公司,+86-134-1928-3754,huanhai78485345@126.com,"Office No. 14-05, Building 19, Huashang International City, No. 128 Huashang South Road, Ziliujing District, Zigong City, Sichuan Province Sichuan Zigong artesian",,日用品・生活,https://www.qoo10.jp/g/1170720797
杭州友派电子商务有限公司,Yupaya,,+86-198-0207-7020,,NEW TERRITORIES PING CHE NG CHOW SOUTH ROAD NEW TERRITORIES PING CHE NG CHOW SOUTH ROAD,,日用品・生活,https://www.qoo10.jp/g/1184924409
ZAOZHUANGYUNXIANGJIDIANYOUXIANGONGSI,Mori Collective,,+86-130-2680-1050,15966168772@163.com,"Room 810, Building 15, Jinshui Changjie (Internet Town), Zaozhuang High-tech Zone, Shandong Province Xuecheng, Zaozhuang, Shandong",,日用品・生活,https://www.qoo10.jp/g/1189353745
长垣伊诺德实业有限公司,HF*工場直売,长垣伊诺德实业有限公司,+86-156-7404-8916,linlin8666@163.com,PUDONGNEIHUANLUNANCE Henan Xinxiang Changyuan,,日用品・生活,https://www.qoo10.jp/g/1000063873
Qingdao Yuanjiaxue Network Technology Co Ltd,LUXENIA,,+86-151-7019-0423,CYX001329@163.com,4015 N Conlon Ave Covina CA 91722 United States,,日用品・生活,https://www.qoo10.jp/g/1195000738
XINING QIYUN MOTOR VEHICLE INFORMATION SERVICE CO LTD,xihaiqingge,,+86-162-3795-4974,sadad85WW@163.com,"Room 141, Unit 1, Building 1, No. 357 Qiyi Road Seongdong, Xining, Qinghai",,日用品・生活,https://www.qoo10.jp/g/1189373171
苍南县金顺有机玻璃工艺厂,ウィンウィン・ショップ,WangNaiting,+86-185-5002-8248,mhx5y9@163.com,"1st Floor, No. 112, Textile 5th Street, Longgang Town Zhejiang Wenzhou Cangnan",,日用品・生活,https://www.qoo10.jp/g/1143687123
苏海娟,Zero One,苏海娟,+852--5295-1294,,17895 NEW TERRITORIES TAI PO NAM SHING STREET,,日用品・生活,https://www.qoo10.jp/g/1165297555
香港智鷹有限公司,taro1125,香港智鷹有限公司,+852--4658-0964,mmtt486@163.com,"RM18, 27/F., HO KING COMM CTR, 2-16 FAYUEN ST, MONGKOK, KLN HONG KONG KOWLOON MONG KOK FA YUEN STREET",,日用品・生活,https://www.qoo10.jp/g/1133936665
广州乐派服饰有限公司,xUUYAIXI,袁曦,+86-132-9000-9649,WDTokhh@126.com,SHI QI ZHEN GUAN LANG LU 72 HAO 4-5 LOU Guangdong Guangzhou Panyu,,日用品・生活,https://www.qoo10.jp/g/1142220912
GUANG ZHOU ZHEN YAN HUA ZHUANG PIN YOU XIAN GONG SI,Night,ZHANGFURONG,+86-170-5030-5174,,"Room 401, Building 1, No. 15-1 Liangyuan Erheng Road, Zhongluotan Town, and Room 501, Building 1 Guangdong Guangzhou Baiyun",,日用品・生活,https://www.qoo10.jp/g/1169557881
沈阳昊源金属制造有限公司,hyjs,,+86-130-5230-5213,,"No. 7, Lane 37, Lingbei Street, Huanggu District, Shenyang City Huanggu, Shenyang, Liaoning",,日用品・生活,https://www.qoo10.jp/g/1170039041
福州橙冰美学家居有限公司,cbmx,,+86-177-9629-6038,,"Room 1406, 14th Floor, R&D Building 1-2, Haixia Science and Technology R&D Zone, No. 30 Jiangnan Ave Minhou County, Fuzhou, Fujian",,日用品・生活,https://www.qoo10.jp/g/1155701939
佛山市信拓照明科技有限公司,SYUU春夏秋冬,,+86-131-6478-2253,bayue08002@163.com,大阪府 泉佐野市 りんくう往来北 2-10,,食品・お菓子,https://www.qoo10.jp/g/1168676027
WUHUTIANGONGTONGFENGSHEBEIYOUXIANGONGSI,supriseyou,,+86-162-9467-7539,,"Wuyue Park City State Community, Wantuo Town Wuhu County, Wuhu, Anhui",,食品・お菓子,https://www.qoo10.jp/g/1194998124
DONGYANGSHIXUHANGFEIJIUWUZIHUISHOUYOUXIANGONGSI,GuardianDeal,,+86-155-7318-9367,,"No. 2, Changfan Village, Nanma Town, Dongyang City, Jinhua City, Zhejiang Province (self-declaration Dongyang, Jinhua, Zhejiang",,食品・お菓子,https://www.qoo10.jp/g/1194868172
保定八哥商贸有限公司,Starsfalling,保定八哥商贸有限公司,+86-178-7359-0953,kddj57@163.com,"No. 12, Kaikai Road, Dingxing County, Baoding City, Hebei Province Hebei Baoding Dingxing",,食品・お菓子,https://www.qoo10.jp/g/1191902274
邯郸市霂雪科技发展有限公司,fanfan2000,,+86-165-8403-8674,,"Room 2-202, Building 4, Ziwei Garden, Tianzheng Smart City, Handan Industrial Park Shanqu, Handan, Hebei",,食品・お菓子,https://www.qoo10.jp/g/1195654867
Haikou Ligoujiao Electronic Technology Co Ltd,baitianhao,,+86-131-5653-9240,XMD4356842526@163.com,"Unit 203, Block 22, Jinghua City, No. 21 Yu sha Road, Haikou Street, Longhua District, Haikou City,  Longhua, Haikou, Hainan",,食品・お菓子,https://www.qoo10.jp/g/1195568715
卢氏芽锦商贸有限公司,yajin,,+86-186-8496-3642,,"No. 204, 2nd Floor, Building 1, Dongcheng Mingzhu, Dongming Town (Cluster Registration) Lushi County, Sanmenxia, Henan",,食品・お菓子,https://www.qoo10.jp/g/1188419769
衡阳市纹珏贸易有限公司,wenjue,,+86-132-9148-7163,ttagsdd@163.com,"C-101, No.19 Square Road, Suyanjing Community, Tianmashan Street Yanfeng, Hengyang, Hunan",,食品・お菓子,https://www.qoo10.jp/g/1189217005
广州亿缘服饰有限公司,WangHong,汪鸿,+86-131-2502-2541,yiyuanclothing@163.com,LUOPUJIENANPUDONGXIANGCUNERJIESANXIANGWUHENGXIANG6HAOZHIYI Guangdong Guangzhou Panyu,,ペットフード・用品,https://www.qoo10.jp/g/1182718033
上海然翔商贸有限公司,Ruger,上海然翔商贸有限公司,+86-188-7402-5492,njk232654@163.com,"Floor 1, No. 10, Lane 255, Xiaotang Road, Fengxian District, Shanghai Shanghai Shanghai Fengxian",,ペットフード・用品,https://www.qoo10.jp/g/1169449744
重庆致赞轩科技有限公司,ZZP,重庆致赞轩科技有限公司,+86-170-0237-6546,JJGGGaa528@163.com,Nanpingjiedao Nanpingxilu39hao2dong21-2hao Chongqing Chongqing Nanan,,ペットフード・用品,https://www.qoo10.jp/g/1184765522
HEFEI TANGBU TRADING CO LTD,ラクーンの専門店,,+86-175-7042-5612,mt90hb@111.com,"Room 408, Guojin Building, No. 87 Suixi Roa d, Shuanggang Street Luyang, Hefei, Anhui",,ペットフード・用品,https://www.qoo10.jp/g/1195018217
CHONG QING HUI YI WU JIN ZHI PIN YOU XIAN GONG SI,SOUソウ,HUI YI WU JIN ZHI PIN YOU XIAN GONG SI,+86-165-3268-0911,,LONGSHUIZHENLONGTANGDADAO178HAO2DONGDS2325 Chongqing Chongqing Dazu County,,ペットフード・用品,https://www.qoo10.jp/g/1149310956
青岛大阿福商贸有限公司,loyid,李君涛,+86-132-5149-7636,,"801 House, 190609, 8th Floor, No. 16, No.166, Zhengyang Road, Chengyang District, Qingdao City, Shandong Province Shandong Qingdao Chengyang",,ペットフード・用品,https://www.qoo10.jp/g/1175464091
张世豪,panda baby,张世豪,+86-158-3947-8086,shishi882021@163.com,taizhoudadao12hao Zhejiang Taizhou Jiaojiang,,ペットフード・用品,https://www.qoo10.jp/g/1147711909
"Shandong Shuotai Trading Co., Ltd",West Sun,"Shandong Shuotai Trading Co., Ltd",+86-132-0522-8391,sdsuotai@163.com,shandongshenghezeshicaoxianpanshijiedaogaishiwuliuyuan3dong7hao Shandong Heze Caoxian,,ペットフード・用品,https://www.qoo10.jp/g/1164602463
河南威斯安防护服饰有限公司,kkohouh,河南威斯安防护服饰有限公司,+86-186-9716-1263,,pingyuanshifanquludibinfencheng187haolou603shi Henan Xinxiang Hongqi,,ペットフード・用品,https://www.qoo10.jp/g/1164069793
乌鲁木齐兴粮源商贸有限公司,course,乌鲁木齐兴粮源商贸有限公司,+86-192-8389-3632,apstepist@163.com,"Room 102, office building on the first floor of the office building at 448 Canggou North Road, Xinjiang The Xinjiang Uygur  Urumqi Shayibake",,ペットフード・用品,https://www.qoo10.jp/g/1137991642
开封环通供应链管理有限公司,BornRe,开封环通供应链管理有限公司,+86-130-9834-7631,,"Room 301, No. 3, Xinrui Office Building, Jianu, Jian Road, Cafei County, Kaifeng City, Henan Province Henan Kaifeng Weishi County",,ペットフード・用品,https://www.qoo10.jp/g/1188564835
香港芙冠有限公司,かわいい＾女の子,香港芙冠有限公司,+852--6973-8272,gyd753@126.com,"FLAT B02 2/F., HOOVER INDUSTRIAL BUILDING, NO.26-38 KWAI CHEONG ROAD, KWAI CHUNG HONG KONG NEW TERRITORIES KWAI CHUNG KWAI CHEONG ROAD",,ペットフード・用品,https://www.qoo10.jp/g/1156065517
宜春傅栋科技有限公司,🥇 White Rabbit Store,宜春傅栋科技有限公司,+86-150-7115-2824,13287452607@163.com,"No. 252, 2nd Floor, Sharing Economy Industrial Park, No. 1289, Jiancheng Avenue, Kangle Street, Wanzai County, Yichun City, Jiangxi Province Jiangxi Yichun Wanzai County",,ペットフード・用品,https://www.qoo10.jp/g/1181251907
沈阳盛世大智悦科技有限公司,MaiMai雑貨屋,沈阳盛世大智悦科技有限公司,+86-162-8613-3150,,Hunnanquhunnanzhonglu35hao326-84shi Liaoning Shenyang Sujiatun,,ペットフード・用品,https://www.qoo10.jp/g/1115938846
慈溪市周巷妍宝体育用品厂,NIC,XuHubin,+86-157-5365-1026,syc15753651026@163.com,"No. 126, Tangtou West, Tangtou Village, Zhouxiang Town Zhejiang Ningbo Cixi",,ペットフード・用品,https://www.qoo10.jp/g/1100005188
Hainan Libairui Ecological Agriculture Technology Co Ltd,liufengpeng,,+86-183-7074-5694,pay80@nemomo.org,"100 meter Blueberry Base of Shihan Village Committee in Hongmao Town Qiongzhong Li and Miao Autonomous County, Qiongzhong Li and Miao Autonomous County, Hainan",,ペットフード・用品,https://www.qoo10.jp/g/1194197338
北京康鑫商贸有限公司,あなたに合わせたお店,,+86-131-1238-5521,,"Room 102, No. 45, Xinwangyu Village, Qiaizi Town Huairou, Beijing, Beijing",,ペットフード・用品,https://www.qoo10.jp/g/1193616063
CHANGSHUSUOFEIYAMAOSHANYOUXIANGONGSI,RUISOU,CHANGSHUSUOFEIYAMAOSHANYOUXIANGONGSI,+86-170-4147-2550,,dongbingzhenxushijiedongxingneiludongnance Jiangsu Suzhou Changshu,,ペットフード・用品,https://www.qoo10.jp/g/1149369549
成都欲桨招科技有限公司,サンシャインモール,成都欲桨招科技有限公司,+86-172-6532-7974,,"No. 60, Building 1, 1st Floor, No. 133, Shangdongda Street, Jinjiang District, Chengdu, Sichuan Province Sichuan Chengdu Jinjiang",,ペットフード・用品,https://www.qoo10.jp/g/1193622111
上海青澄纺织科技有限公司,QINGCEG,上海青澄纺织科技有限公司,+86-158-5052-2654,lihaiyangq10@163.com,JIANSHANWEIZHENQIUSHILU688HOA1LOU Shanghai Shanghai Jinshan,,ペットフード・用品,https://www.qoo10.jp/g/1187903007
深圳市华辉盈贸易有限公司,Aztick,深圳市华辉盈贸易有限公司,+86-166-2517-9427,,SHEN ZHEN SHI LONG GANG QU LONG CHENG JIE DAO  Guangdong Shenzhen Longgang,,ペットフード・用品,https://www.qoo10.jp/g/1190961525
zhoukoushiduolishangmaoyouxiangongsi,DUOLI,zhoukoushiduolishangmaoyouxiangongsi,+86-177-9653-1275,,chuanhuiquqiyilujiedaojiaotongluguomaoxiaoquBdong1701 Henan Zhoukou Chuanhui,,ペットフード・用品,https://www.qoo10.jp/g/1186939570
周口联锦商贸有限公司,初恋のカラー,孙金玲,+86-131-4065-2322,b15225770513@163.com,WENCHANGDADAOYUHUASHANLUJIAOCHAKOUJIALIDEYUANXIAOQU12HAOLOU502 Henan Zhoukou Chuanhui,,ペットフード・用品,https://www.qoo10.jp/g/1186414434
"Hangzhou Qishandi Trading Co., Ltd.",FBDK,杭州其想贸易有限公司,+86-155-4087-8526,,"Room 402, Building 5, Building 5, No. 1418-21, Mogan Mountain Road, Hangzhou Zhejiang Hangzhou Shangcheng",,ペットフード・用品,https://www.qoo10.jp/g/1186251292
BEIJINGYANYUNFANGDICHANJINGJIYOUXIANGONGSI,beijjjjj,,+86-182-7005-3891,beijjjj2026@163.com,"LONGXINGNANERLU2HAOYUAN3HAOLOU1ZHI2CENG201 Mentougou, Beijing, Beijing",,ベビー・キッズ,https://www.qoo10.jp/g/1195216961
上海集睿储运有限公司,Sunshine23,上海集睿储运有限公司,+86-133-1659-8912,jpq10cloudcha@hotmail.com,"Room 1414, building 2, No. 28, NongJiao Road, Huqiao community, Zhelin town Shanghai Shanghai Fengxian",,ベビー・キッズ,https://www.qoo10.jp/g/990027532
海城市酷米尔服饰有限公司,PandaJing,tanguofu,+86-155-5973-8526,kumier0@163.com,LIAONINGSHENGANSHANSHIHAICHENGSHIXILIUZHENDONGLIUCUN9ZU723HAO Liaoning Anshan Haicheng,,ベビー・キッズ,https://www.qoo10.jp/g/1108882343
广州酷贝皮具有限公司,kubeipiju,PengTujun,+86-185-0748-2718,17759582972@163.com,"No. 18 Yucai Road, Shiling Town, Huadu District, Guangzhou (can be used as a factory) Guangdong Guangzhou Huadu",,ベビー・キッズ,https://www.qoo10.jp/g/1188900131
リュウ　シュコウ,SHALA SHOP,リュウ　シュコウ,+86-136-6129-4125,lskuo13661294125@163.com,BODA ROAD HONGBOJIAYUANC-6-1 Beijing Beijing Chaoyang,,ベビー・キッズ,https://www.qoo10.jp/g/1194410577
绍兴拓盛汽车配件有限公司,YMOON,绍兴拓盛汽车配件有限公司,+86-191-5715-3693,PAN19157153693@hotmail.com,"Room 1505-1, Huanyu Building, Lingzhi Street Zhejiang Shaoxing The more urban areas",,ベビー・キッズ,https://www.qoo10.jp/g/1029176308
Fengxi New City Yayoi Department Store,3D,,+86-132-4207-9659,,"Room A05416, No. 30601-07, Building C, Tongde Apartments, Tongde Road Lantian County, Xi'an, Shaanxi",,ベビー・キッズ,https://www.qoo10.jp/g/1192220485
无极县龙飞农用机械有限公司,ステッカーホーム,,+86-176-2326-4544,1724210590@qq.com,"West of Lichengdao Village, Lichengdao Township, Wuji County, Shijiazhuang City, Hebei Province Promise County, Shijiazhuang, Hebei",,ベビー・キッズ,https://www.qoo10.jp/g/1183845214
HUANGJIANYI,NOBLEFU Japan 公式ストア,HUANGJIANYI,+86-020-828-9722,fashionben@126.com,Jinshazhou Xijiu Street Creation Building 101 Guangdong Guangzhou Baiyun,,ベビー・キッズ,https://www.qoo10.jp/g/1188321114
东莞市优允塑料包装有限公司,pangdududamai,,+86-151-0221-4329,likehua123321@163.com,"Room 105, 1101, Building 1, Minsheng Financial Building, No. 111, Nancheng Section, Guantai Road, Na Dongguan, Dongguan, Guangdong",,ベビー・キッズ,https://www.qoo10.jp/g/1195135159
广东亿合门窗科技有限公司,Migoo,,+86-135-6437-5047,,"Room 102-6, Building 3, Liandong Yougu North Garden, No. 1, Jiansha Road East 2nd District, Danzao T Nanhai, Foshan, Guangdong",,ベビー・キッズ,https://www.qoo10.jp/g/1163899715
厦门阿皮米网络科技有限公司,Yara Styles.JP,,+86-186-5018-4434,,"Room 1010-5, No. 806, Yuanshan South Road, Huli District, Xiamen Huli, Xiamen, Fujian",,ベビー・キッズ,https://www.qoo10.jp/g/1194277956
惠州伟明祺电子有限公司,gunkin,,+86-131-6605-1159,sedant2025@163.com,"Yinhwan Avenue No. 228, Daya Bay Avenue, Daya Bay, Huizhou Huiyang, Huizhou, Guangdong",,ベビー・キッズ,https://www.qoo10.jp/g/1135753560
ZHANG YU,V8MALL,ZHANG YU,,v8mall.official@gmail.com,,,ベビー・キッズ,https://www.qoo10.jp/g/1182405385
ZHUZHOUXIANGFUJINGMAOYOUXIANGONGSI,fengying369,,+86-136-4707-9046,XMD35463456336@163.com,"ZHUZHOU SHI, SHIFENG QU, TIANX IN JIAOJILING, ZHONGNAN JINSHU CAILIAO DA S HICHANG 22 DONG 01 HAO Shifeng, Zhuzhou, Hunan",,ベビー・キッズ,https://www.qoo10.jp/g/1195566931
PengJinTu,【中国製】立体ステッカー,,+86-173-7496-0778,,"Qida Fashion Building, Siming District, Xiamen City, Fujian Province 506 Siming, Xiamen, Fujian",,ベビー・キッズ,https://www.qoo10.jp/g/1194502882
棉田里服饰有限公司,Kitty Cat,棉田里服饰有限公司,+86-130-4792-7026,,"No. 2 Zhenhai Road, Huai'an Economic Development Zone Jiangsu Huaian Huaiyin",,ベビー・キッズ,https://www.qoo10.jp/g/1184206380
义乌市英远贸易有限公司,O-Takaraya,Zhanghaiqing,+86-186-1654-3150,po7nar@163.com,"Room 218, Unit 3, Building 32, Yi'an Second District, Houzhai Street (self declared) Zhejiang Jinhua Yiwu",,ベビー・キッズ,https://www.qoo10.jp/g/1139948913
LIUANSHIYUANQUQIANQIANTONGZHUANGJINGYINGCHANG,FOOffpf,YANCHENGCHENG,+86-171-3658-3206,IIlonqinqian@163.com,PINGQIAOXIANGPINGQIAOGONGYEYUANNANCUN38HAO Anhui Lu Yu,,ベビー・キッズ,https://www.qoo10.jp/g/1170248540
SHENZHENSHITIANYICHUANGXINKEJIYOUXIANGONGSI,Blessed55001,徐霖,+86-131-3237-4038,gaozetk@163.com,"Xili Street Xinwei Community Xilihu Road No. 227 University Town Creative Park Bu, Building B303 Guangdong Shenzhen Nanshan",,ベビー・キッズ,https://www.qoo10.jp/g/1193787688
台州市洛桑婴童用品有限公司,WH,,+86-177-9629-7319,,"Building 1, No. 2 Beiyuan Avenue, Beicheng Street, Huangyan District, Taizhou City, Zhejiang Provinc Huangyan, Taizhou, Zhejiang",,ベビー・キッズ,https://www.qoo10.jp/g/1178076211
昆明纪可网络科技有限公司,MINISO (メイソウ正規品),,+86-186-0282-8374,19157153857@163.com,"Room 748, 7th Floor, No. 43 Longjing Street, Daguan Street Wuhua, Kunming, Yunnan",,ベビー・キッズ,https://www.qoo10.jp/g/1190180966
重庆华陵工业有限公司,Cherry Lane,,+86-177-8922-1407,,"No. 666, Baiyun Avenue, Qinggang Street, Bishan District, Chongqing Bishan County, Chongqing, Chongqing",,ベビー・キッズ,https://www.qoo10.jp/g/1167463770
东莞市百菲鞋业有限公司,baifei,,+86-151-0213-6453,bu5185881414707047@163.com,"Room 302, No. 7 Guotai Road, Yongkou, Houjie Town, Dongguan City, Guangdong Province Dongguan, Dongguan, Guangdong",,ベビー・キッズ,https://www.qoo10.jp/g/1193597258
"Harbin xinfengchao Biotechnology Co., Ltd",美しい愛.,"Harbin xinfengchao Biotechnology Co., Ltd",+86-189-6586-3672,hunhun14523@163.com,"No. 2, floor 1, unit 6, No. 508-3, Xinyang Road, Daoli District, Harbin City, Heilongjiang Province Heilongjiang Qiqihar Jianhua",,ベビー・キッズ,https://www.qoo10.jp/g/1078331028
HAICHENGSHI GANWANGZHEN QIQIFUZHUANG BAIHUODIAN,シールハウス,,+86-190-3750-7829,2784401539@qq.com,"No. 666 Qianxiangshui Village, Ganwang Town, Haicheng City, Anshan City, Liaoning Haicheng, Anshan, Liaoning",,ベビー・キッズ,https://www.qoo10.jp/g/1194746631
黑龙江楚雀电子商务有限公司,mo o dang,黑龙江楚雀电子商务有限公司,+86-165-5787-2702,cyx141592cyx@163.com,DONGDAZHIJIE146HAO1DONG1DANYUAN11CENG1101HAO(ZHUZHAI) Heilongjiang Harbin Nangang,,ベビー・キッズ,https://www.qoo10.jp/g/1191759751
Guangzhou Runhe Tiankang Trading Co Ltd,Coco-nice,,+86-131-6035-3436,15689878062@163.com,"No. 558 Changgeng West Street, Jitang, Courtyard 04-103 Huangpu, Guangzhou, Guangdong",,ベビー・キッズ,https://www.qoo10.jp/g/1190988160
成都鑫轩翔宇科技有限公司,Starstar Cups 正規品,,+86-167-5057-4538,npxzrh@163.com,"Room 1413, 14th Floor, Unit 2, Building 1, No. 88, Jiaozi North 1st Road, High-tech Zone, Chengdu, C Gaoxinqu, Chengdu, Sichuan",,ベビー・キッズ,https://www.qoo10.jp/g/1171216608
北京桃子森林百货店,MINPAPERぬいぐるみ正規品店,王少华,+86-157-3320-8735,,penglaigongyuxi-12-A-601 Beijing Beijing Changping,,ベビー・キッズ,https://www.qoo10.jp/g/1183274995
潘慧超,LuckyFriday,潘慧超,+86-137-5092-1650,344415058@qq.com,16# 2nd District Liantang Zhejiang Jinhua Yiwu,,ベビー・キッズ,https://www.qoo10.jp/g/1173933862
北京轻舟智行科技有限公司,TOPTOY 公式ショップ,,+86-132-2131-3421,wfgwweymlw@163.com,"No. 3020, Building 43, No. 69, Zhongmensi Street (cluster registration) Mentougou, Beijing, Beijing",,ベビー・キッズ,https://www.qoo10.jp/g/1188322329
许文曾珍,MIO,许文曾珍,+852--5941-2522,mio6396@163.com,138 KOWLOON NGAU TAU KOK CHUN WAH ROAD,,ベビー・キッズ,https://www.qoo10.jp/g/1037870932
西安秦敏电子科技有限公司,SakuraDream Store,ZHANGLANFENG,+86-171-0362-4847,,WEI YANG LU 177 HAO WANG JING GUO JI DA SHA 17 CENG 1702-164 SHI Shaanxi Xi Weiyang,,ベビー・キッズ,https://www.qoo10.jp/g/1191588275
HUHEHAOTELVKESHANGMAOYOUXIANGONGSI,lorrtta,YINFANGBEIJINGMAOYIYOUXIANGONGSI,+86-135-0195-7435,,BEIJINGSHIYANQINGQUDAYUSHUZHENDANIHECUN395HAODIYIJIANFANG Beijing Beijing Yanqing County,,ベビー・キッズ,https://www.qoo10.jp/g/1190483203
peipei,Smile-Family,Smile-,+86-198-5798-5756,691055572@qq.com,千葉県 船橋市 中野木 2-23,,ベビー・キッズ,https://www.qoo10.jp/g/1191597654
杭州凤单贸易有限公司,Trendiad,杭州凤单贸易有限公司,+86-183-2606-3664,,"No. F009, Building 1, Agricultural Products Park, Youyi Village, Yangxi Street, Jiande City, Hangzhou City, Zhejiang Province (self-declaration) Zhejiang Hangzhou Jiande",,ベビー・キッズ,https://www.qoo10.jp/g/1177278100
淄博海利源纺织有限公司,Achocke,LiuYali,+86-180-1816-2833,,"The second room on the north side of the courtyard at No. 106, Chenqiao Village, Chengbei Road Street Shandong Zibo Zhoucun",,ベビー・キッズ,https://www.qoo10.jp/g/1111628028
周口静博科技有限公司,ME GA SHOP,周口静博科技有限公司,+86-133-8907-5868,,"West House, 5th floor, unit 1, building 1, Linjie building, East Third transportation company's family yard, 200m south of the intersection of Wuyi Road and Jiaotong Road, Chuanhui District Henan Zhoukou Zhoukou",,ベビー・キッズ,https://www.qoo10.jp/g/1191047378
刘冠矫,Sweetlover,liuguanjiao,+86-150-5794-1767,553668433@qq.com,"5/F, No.5, Building 28, Zongtang 2nd Area Zhejiang Jinhua Yiwu",,ベビー・キッズ,https://www.qoo10.jp/g/1051526244
遠　増銭,askshop,佐々木　次郎,+86-183-9668-6433,,yuehaizhongxin1101 Shandong Yantai Laishan,"周一~周五：上午10点~下午5点
周六周日，公休日：停业",ベビー・キッズ,https://www.qoo10.jp/g/638336445
苏州宝时洁电器有限公司,グオグオストア,沈会方,+86-137-6540-8694,AA17759592020@163.com,SUZHOUSHIWUZHONGQULINHUZHENGUANYUNYUEYUAN3ZHUANG103SHI Jiangsu Suzhou Wuzhong,,ベビー・キッズ,https://www.qoo10.jp/g/1175543384
东莞市美欧亚奢饰品有限公司,カートゥーンの家,,+86-173-3437-5960,,"1st Floor, No. 236, Longquan Road, Quantang Community, Liaobu Town, Dongguan City Dongguan, Dongguan, Guangdong",,ベビー・キッズ,https://www.qoo10.jp/g/1190621097
庆阳瑞鹏商贸有限公司,WDDshop,王东东,+86-173-5461-6579,huangshiyuan0594@163.com,hougongzhaixiangnanzuocunwangtiecun37hao Gansu Qingyang Xifeng,,ベビー・キッズ,https://www.qoo10.jp/g/1195258929
辽宁顺天坤泰实业有限公司,ホシノ.,辽宁顺天坤泰实业有限公司,+86-132-5139-4556,guanque9899376@163.com,Shenfu New District Jinfeng Street Zhonglian Zhiding Creative Building 6 -A-W-2 Liaoning Fushun Wanghua,,ベビー・キッズ,https://www.qoo10.jp/g/1147698111
深圳市昊锐电器有限公司,Momo Cherry Qoo10店,,+86-138-8960-8124,176955437@qq.com,"Room B2603, Building 3, Hongji Garden, Central City 4, Jixiang Community, Longcheng Street, Longgang Longgang, Shenzhen, Guangdong",,ベビー・キッズ,https://www.qoo10.jp/g/1192587076
廊坊欧特雅家居用品有限公司,outeya,,+86-135-8578-1746,,"No. 55 Shengxiang Road, Dagaogezhuang Village, Jianchapu Town, Bazhou City, Langfang City, Hebei Pro Bazhou, Langfang, Hebei",,ベビー・キッズ,https://www.qoo10.jp/g/1185112339
TONGLIAOSHIWANXINGUANGGAOYOUXIANGONGSI,huzz,,+86-130-4445-0063,,"Room 124, Building 1, Minren Subdistrict, Sanwei Democratic Road Horqin, Tongliao, The Inner Mongolia",,ベビー・キッズ,https://www.qoo10.jp/g/1193365636
泉州市欣时盛服装有限公司,NeoMart,,+86-134-2556-1532,,"Room 412, 4th Floor, Fuyou Building, No. 314 Baozhou Street, Dengxing Community, Quanxiu Street, Fen Fengze, Quanzhou, Fujian",,ベビー・キッズ,https://www.qoo10.jp/g/1195354029
兰州建投房地产开发有限公司,jaantoo,,+86-186-0708-3235,ella0118@qq.com,"Floor 1-4, Building 4, Green Courtyard, No. 347, Tianshui North Road, Chengguan District, Lanzhou Ci Jiangxi Nanchang Honggutanqu",,ベビー・キッズ,https://www.qoo10.jp/g/1180934507
江苏成龙服饰科技有限公司,Leann,HUANGZHENLONG,+86-155-1916-5489,JJKJ45646@163.com,Donggang Town Gangdong Village Industrial Zone Jiangsu Wuxi Xishan,,ベビー・キッズ,https://www.qoo10.jp/g/1184325468
NANYANGGUANGYOUSHUYEYOUXIANGONGSI,Kith & Kin,,+86-156-7705-2924,kithkinshop@foxmail.com,"gongyeyuanqu Neixiang, Nanyang, Henan",,ベビー・キッズ,https://www.qoo10.jp/g/1189124826
吉林省拓界者科技有限公司,SilkWhisper,,+86-130-9941-7281,zhouwei74429633@163.com,"Room 1308, Building A1, Urban Construction Qujie Famous City Project at the Intersection of Tuanshan Wide, Changchun, Jilin",,ベビー・キッズ,https://www.qoo10.jp/g/1188524864
深圳市吉龙晟贸易有限公司,cooo lucky,,+86-187-0984-0914,tuojiezhe2026@163.com,"Room 1110, No. 2, West Eighth Lane, Changkeng Road, Bantian Community, Bantian Street Longgang, Shenzhen, Guangdong",,ベビー・キッズ,https://www.qoo10.jp/g/1194878019
紀　小燕,SunnyCity,紀　小燕,+86-188-0185-8979,kisky1011@163.com,"307,Section 3,Building 72,3rd District of Futian Zhejiang Province Jinhua Yiwu",,ベビー・キッズ,https://www.qoo10.jp/g/1195016008
薛大冬,Qearl,薛大冬,+86-185-6110-9093,2229136689@qq.com,ShengQuanDongRoad Shandong Yantai Laishan,,ベビー・キッズ,https://www.qoo10.jp/g/1193894539
河南云端智创智能科技有限公司,レディースストア,,+86-180-7999-3427,,"Room 1102, 11th Floor, Building 1, South Guoji Road, Huayuan Road, Jinshui District, Zhengzhou Jinshui, Zhengzhou, Henan",,ベビー・キッズ,https://www.qoo10.jp/g/1183854604
张 春丽,M&J Select Qoo10店,张 春丽,+86-135-9113-4345,392651894@qq.com,jingzhu jie Liaoning Dalian Ganjingzi,,ベビー・キッズ,https://www.qoo10.jp/g/1185063714
翟逸可,Luciy,徐先生,+86-152-0342-8046,2444169031@qq.com,12535 NEW TERRITORIES LAMMA ISLAND SOK KWU WAN SECOND STREET,,ベビー・キッズ,https://www.qoo10.jp/g/1152200728
Jingzhou Yongbai Apparel Co Ltd,YAN,,+86-178-1606-2849,3032044771@qq.com,"Room 303, Unit 2, Building 7, Ruijingyuan Residential Quarter, No. 65 Chanling Avenue, Douhudi Town Gong'an County, Jingzhou, Hubei",,ベビー・キッズ,https://www.qoo10.jp/g/1193963982
ZHENLUJINANSHANGMAOYOUXIANGONGSI,Lucky EveryDay,,+86-133-4311-6240,,"SHANDONGJINANPIANQUJINGSHILU9999HAO Licheng, Jinan, Shandong",,ベビー・キッズ,https://www.qoo10.jp/g/1192568899
Dalian Tenglong Jianzhu Gongcheng Youxian Gongsi,Cupid,,+86-177-4691-1735,,"Unit 3, 13th Floor, No. 28 Hualong Nanyuan Ganjingzi, Dalian, Liaoning",,ベビー・キッズ,https://www.qoo10.jp/g/1194996683
LU HONGHONG,Miao and Duo,LU HONGHONG,+86-151-3346-0921,MiaoAndDuo.shop@gmail.com,guxianxiang zaoyuancun 143 Henan Anyang Tangyin,,ベビー・キッズ,https://www.qoo10.jp/g/993346347
ZHENGZHOUSHIPEIDEWENHUACHUANMEIYOUXIANGONGSI,Fun njenf,,+86-186-2735-6016,,"11 and 12, No. 6 Shangmao Street, Xindian Town, Xinzheng City, Zhengzhou City, Henan Province Xinzheng, Zhengzhou, Henan",,ベビー・キッズ,https://www.qoo10.jp/g/1193239910
YONGTAIXIANXINGYUNWANGLUOKEJIYOUXIANGONGSI,はなさき,,+86-157-5080-3493,,"Fujiang Sheng Fuzhou Shi Yongtai Xian Chengfeng Zhen Liuqi Cun Litang 68 Hao Guanjing Chuncheng 1 Ha Yongtai County, Fuzhou, Fujian",,ベビー・キッズ,https://www.qoo10.jp/g/1192010737
成都沪嘉华通电器有限公司,いたずら淑女,成都沪嘉华通电器有限公司,+86-131-6216-2231,fdcy435@126.com,"Chengdu Economic and Technological Development Zone (Longquanyi District) No. 117, No. 117, No. 117, No. 117, No. 116 Sichuan Chengdu Longquanyi",,メンズ・スポーツ,https://www.qoo10.jp/g/1191263619
渭南市华州区信达电器有限公司,激おこぷんぷん丸,,+86-165-8311-3821,jh6542532@sina.com,"shanxishengweinanshihuazhouqudamingzhen Huayin, Weinan, Shaanxi",,メンズ・スポーツ,https://www.qoo10.jp/g/1185081938
jinansuerfushiyouxiangongsi,桜の少女,jinansuerfushiyouxiangongsi,+86-165-3261-2093,,"Building 105, Building 1, Zone D, Era Headquarters Base, Yaoshan Street Shandong Jinan Flyover zone",,メンズ・スポーツ,https://www.qoo10.jp/g/1178523882
NAN PING JIAN YUN MAO YI YOU XIAN GONG SI,zen1,NAN PING JIAN YUN MAO YI YOU XIAN GONG SI,+86-180-0233-2514,ad36985452@163.com,fu jian sheng nan ping shi yan ping qu ma keng lu 169 hao Fujian Nanping Yanping,,メンズ・スポーツ,https://www.qoo10.jp/g/1185234249
陈金海,O1TU(Only-One-To-You),O1TU(Only-One-To-You),+86-150-1900-8039,weida3104@yahoo.co.jp,xindongliguangchang Guangdong Foshan Sanshui,,メンズ・スポーツ,https://www.qoo10.jp/g/963087440
Chengdu Leichenyishangmao Youxiangongsi,シーズン5日没,Chengdu Leichenyishangmao Youxiangongsi,+86-131-6721-4109,kqogq4@163.com,"Shawanlu,1Hao,1Dong,5Ceng,505Haofu,1415Hao Sichuan Chengdu Jinniu",,メンズ・スポーツ,https://www.qoo10.jp/g/1177610597
GUO QIANGFENG,HLA&Men / メンズ服専門店,GUO,+86-130-2469-3284,yiaontelauiaomnre786@gmail.com,liushuizhen 87hao Fujian Fuzhou Pingtan County,,メンズ・スポーツ,https://www.qoo10.jp/g/1148007967
淄博静鲁商贸有限公司,Sunflowers,淄博静鲁商贸有限公司,+86-170-5249-8105,ah135987465@163.com,shandongshengziboshizhangdianquliuquanlu96haohuaxiaguoji2816shi Shandong Zibo Zhangdian,,メンズ・スポーツ,https://www.qoo10.jp/g/1161633668
ZHANGJIAKOUSHUHANGSHANGMAOYOUXIANGONGSI,BOOM BOOM,yizhenjiang,+86-185-2301-7551,,"Building 12, Star Starting Point Innovation Space, Dongshan Industrial Agglomeration Zone, Shalingzi Town, Zhangjiakou Economic and Technological Development Zone Hubei Jingmen Duodao area",,メンズ・スポーツ,https://www.qoo10.jp/g/1169525566
大连申沃科技有限公司,YIYIPO,大连申沃科技有限公司,,,,,メンズ・スポーツ,https://www.qoo10.jp/g/1091418724
"HK DUSHANG TRADE CO., LIMITED",YJ暮らし,木之本孝,+86-134-1445-8167,yj_planning@yahoo.co.jp,UNIT A ON 20TH FLOOR WANG CHEONG BUILDING NO.251 RECLAMATION STREET KOWLOON HK Guangdong Shenzhen Longgang,,メンズ・スポーツ,https://www.qoo10.jp/g/1119391443
成都枚岑彤科技有限公司,Mumi,,+86-131-2783-1576,hema111789@163.com,"No. 340, Furong West Road, Jinjiang District, Chengdu, Sichuan Jinjiang, Chengdu, Sichuan",,メンズ・スポーツ,https://www.qoo10.jp/g/1176423243
福州市荣恒锦贸易有限公司,LUMLOTTIE,,+86-165-1463-2160,,"CANGSHANQUGAISHANZHENBANTIANCUNGONGYEQU273HAO Cangshan, Fuzhou, Fujian",,メンズ・スポーツ,https://www.qoo10.jp/g/1155963225
YANTAIBAIJIEGUOJIMAOYIYOUXIANGONGSI,YantaiBaijie,taoyongqiang,+86-171-1601-2251,xingqisi2029@163.com,SHANDONGSHENGYANTAISHIZHIFUQUXINGYUANLU16HAO709SHI Shandong Yantai ZHIFU,,メンズ・スポーツ,https://www.qoo10.jp/g/1186364756
WUHOUQUYUWEIFENGSHANGMAOBU,BOFF/HOUSE,Wen long,+86-153-5090-3479,baoziasd1@163.com,"Attached No.46, No.198, Tiefo Section, Wuhou Avenue Sichuan Chengdu Wuhou",,メンズ・スポーツ,https://www.qoo10.jp/g/1165078430
上海神绒医疗科技有限公司,Pessom_SHOP,,+86-170-4189-2854,,"Room 3082, 3rd Floor, Building 2, No. 508, Zhangliantang Road, Liantang Town, Qingpu District, Shang Qingpu, Shanghai, Shanghai",,メンズ・スポーツ,https://www.qoo10.jp/g/1165134840
廊坊市旭乐商贸有限公司,LANGFANGSHIXULE,廊坊市旭乐商贸有限公司,+86-153-1718-7053,haijzidhgb52433@163.com,pengzhuangcunxihongxiaodoujiagongchangdong8chuang Hebei Langfang Guangyang,,メンズ・スポーツ,https://www.qoo10.jp/g/1189227965
深圳市永昶环保科技有限公司,trlrd7,,+86-180-2221-5846,v8963qiao@163.com,"Room 101, Building 54A, Xinmu New Village, Pinghu Subdistrict, Longgang District, Shenzhen Longgang, Shenzhen, Guangdong",,メンズ・スポーツ,https://www.qoo10.jp/g/1195563208
南京面包树网络科技有限公司,Orangeᗦ↞︎◃︎,heruiqing,+86-186-8991-3262,,"Room 105, Building 5, No. 9 Shengli West Road, Jiangning Development Zone Jiangsu Nanjing Jiangning",,メンズ・スポーツ,https://www.qoo10.jp/g/1161582528
HENANFENGMASHANGMAOYOUXIANGONGSI,FENGMA,HENANFENGMASHANGMAOYOUXIANGONGSI,+86-180-3949-0695,,jingkaiquwuyiluyutaihaolujiaochakoudonglaishangcheng8haolou2201 Henan Zhoukou Zhoukou,,メンズ・スポーツ,https://www.qoo10.jp/g/1189379481
义乌市瑞能进出口有限公司,ruineng5,义乌市瑞能进出口有限公司,+86-130-9814-7953,sgpau22@163.com,"4th Floor, No. 285 Qunying Road, Houzhai Street Zhejiang Jinhua Yiwu",,メンズ・スポーツ,https://www.qoo10.jp/g/1190394675
zhou kou shi shui bo dian zi shang wu you xian gong si,ネコの手バザール,,+86-185-9538-5357,xuwenhao185@163.com,"Building 12, Apartment 1002, Jintai Wangchao, Qiyi Road, Chuanhui District, Zhoukou City, Henan Prov Chuanhui, Zhoukou, Henan",,メンズ・スポーツ,https://www.qoo10.jp/g/1143224637
泉州纳福贸易有限公司,nafumaoyi,wuyoufu,+86-176-8185-5295,xX18595385357@163.com,"Room 301, Building 12, Junyue Bay, No. 5, Yingliang Impression, Yuanxia Village Committee, Shijing Town Fujian Quanzhou Nanan",,メンズ・スポーツ,https://www.qoo10.jp/g/1140073764
BAOJIWUHANGONGYINGLIANYOUXIANGONGSI,BOWEY KIMI,BAOJIWUHANGONGYINGLIANYOUXIANGONGSI,+86-165-3263-3148,,HUBEISHENGWUHANSHIHONGSHANQUBAISHAZHOUDADAO13HAOHONGXIAWULIUAQU63HAO Hubei Wuhan Hongshan,,メンズ・スポーツ,https://www.qoo10.jp/g/1184310407
遂宁建成网络科技有限公司,あなたの幸せな店,,+86-131-6218-8946,Q18750018356@126.com,"Suining High-tech Zone Logistics Port Jiankun International Hardware and Electrical Plaza Constructi Suining, Suining, Sichuan",,メンズ・スポーツ,https://www.qoo10.jp/g/1170559041
SHANXIMEINONGWANGLUOKEJIYOUXIANGONGSI,AVESME,,+86-171-9596-5168,guiakandiao88@163.com,"wugongxiangongyeyuan Wugong County, Xianyang, Shaanxi",,メンズ・スポーツ,https://www.qoo10.jp/g/1165697368
changshalechigoushipinyouxianzerengongsi,lechigou,huanglianhui,+852--5136-0967,vv18750010386@163.com,laodongdonglu139haoxinchengxinshijiedisanquxizutuan1danyuan4ceng448-451hao Hunan Changsha Yuhua,,メンズ・スポーツ,https://www.qoo10.jp/g/1156371347
ChongQingQiXueZongYouJiaoYuKeJiYouXianGongSi,Rokay,ChongQingQiXueZongYouJiaoYuKeJiYouXianGongSi,+86-152-6028-3189,,lu zhou Street 46# bulding1 3rd floor Chongqing Chongqing Yongchuan,,メンズ・スポーツ,https://www.qoo10.jp/g/1059976468
东莞市长协科技有限公司,changxie,HuLianjian,+86-135-2421-3503,A15160206506@163.com,"Room 101, Building 1, No. 3, Lanya 1st Street, Daojiao Town Guangdong Dongguan Dongguan",,メンズ・スポーツ,https://www.qoo10.jp/g/1142595821
Xian Bigao Machinery Equipment Manufacturing Co Ltd,shanxihanzhongjun,,+86-131-0711-3449,yipei68392@163.com,"North Section, Jinghui 8th Road, Gaoling Di  strict, Xi'an City, Shaanxi Province, China Gaoling, Xi'an, Shaanxi",,メンズ・スポーツ,https://www.qoo10.jp/g/1189222845
阳江市星煜服装有限公司,デデパート,谢克艺,+86-181-1740-1539,xiekeyi2024@126.com,"No. 2, Lane 8, Xinzhai, Chengdong Street, Jiangcheng District, Yangjiang City Guangdong Yangjiang Jiangcheng",,メンズ・スポーツ,https://www.qoo10.jp/g/1138346548
洛阳若流商贸有限公司,スゴイストア,"Luoyang Ruoliu Trading Co., Ltd",+86-156-9066-5977,,mudandadao148haobaolongchengshiguangchang1qi1haogongyu1-1014 Henan Luoyang Luolong,,メンズ・スポーツ,https://www.qoo10.jp/g/1094613693
阳新海佳电子商务有限公司,ACK-shop,阳新海佳电子商务有限公司,+86-177-0610-6607,,"Building 1 next to Zhulintang Modern City, Xingguo Town Hubei Huangshi Yangxin County",,メンズ・スポーツ,https://www.qoo10.jp/g/1085735902
楊暁輝,ナミヤ　雑貨店,楊暁輝,+86-187-2014-9034,huochaiheshiguang@outlook.com,08-113 NEW TERRITORIES YUEN LONG - TAI TONG YUK MING GARDEN,,メンズ・スポーツ,https://www.qoo10.jp/g/866822962
Qingdao Yunjianwuhulianwang Youxiangongsi,AIHAO,Qingdao Yunjianwuhulianwang Youxiangongsi,+86-1665-3603-336,x2d4g1dssew@88.com,"Dunhualu,381Hao,422Hu Shandong Qingdao North",,メンズ・スポーツ,https://www.qoo10.jp/g/1132039455
"Putian Shoes Origin Supply Chain Co., Ltd",cucuipp,lincuiping,+86-135-9566-7941,cuiping7746@163.com,"No. 401, Dongyuan West Road, Longqiao Street, Chengxiang District, Putian City, Fujian Province Fujian Putian Xiuyu",,メンズ・スポーツ,https://www.qoo10.jp/g/1175991965
QUANZHOULITEFEIGEDIANZISHANGWUYOUXIANGONGSI,LITEFEIGE,QUANZHOULITEFEIGEDIANZISHANGWUYOUXIANGONGSI,+86-159-3153-1843,litefeige202354@163.com,fujianshengquanzhoushijinjiangshiyonghezhenyuhucunbeiqu79hao Fujian Quanzhou Jinjiang,,メンズ・スポーツ,https://www.qoo10.jp/g/1176024696
山西惠通天下商贸有限公司,猫の居場所,山西惠通天下商贸有限公司,+86-186-5190-8867,uihtongtianxi@163.com,SHANXISHENGTAIYUANSHIYINGZEQUHAOJIAGOUCUNXIXIAOQU4HAOLOU8HAOMENMIANFANG Shanxi Taiyuan Yingze,,メンズ・スポーツ,https://www.qoo10.jp/g/1125264147
广东唯淼唯啸净化科技有限公司,To Be Smitten,广东唯淼唯啸净化科技有限公司,+86-170-9304-5303,upjm69@163.com,zhongshanshidongfengzhenhetaicuntongjilu160haoBdongsilouBquzhisan Guangdong Zhongshan Zhongshan,,メンズ・スポーツ,https://www.qoo10.jp/g/1163426935
肇庆市卓兴硅胶制品有限公司,🥇ZUOXlNG,肇庆市卓兴硅胶制品有限公司,+86-159-7074-9310,suozhen20@126.com,"The second card of the fifth economic cooperative factory in Jindu Community, 50 meters west of Jindao Market, Dongsheng Road, Jindu Town Guangdong Zhaoqing Gaoyao",,メンズ・スポーツ,https://www.qoo10.jp/g/1128157957
南通乐禾贸易有限公司,Harmon,南通乐禾贸易有限公司,+86-186-2516-9260,Lnayuejianjia@163.com,"No. 68, Nanshi Street, Tangzha Town, Gangzha District, Nantong City Jiangsu Nantong Gangzha",,メンズ・スポーツ,https://www.qoo10.jp/g/1111646599
济宁微装游乐设备有限公司,半分の桃,张艳芳,+86-138-0490-8897,,CIQIUZHENZHENGFUBEI600MI Shandong Jining Wenshang County,,メンズ・スポーツ,https://www.qoo10.jp/g/1077149282
阿呆甄选镇江商贸有限公司,JIajiahh,,+86-171-1539-3275,,"jiangsushengzhenjiangshirunzhouqubaotalujiedaoyunhelu120-7hao Jingkou, Zhenjiang, Jiangsu",,メンズ・スポーツ,https://www.qoo10.jp/g/1179503394
QINGDAO XIAO KUI DIAN SHANG YOU XIAN GONG SI,椿野Store,wangjunmei,+86-187-6621-3670,sunflowerworld_q10@163.com,山形県 山形市 あずま町 201-23,,メンズ・スポーツ,https://www.qoo10.jp/g/1077531546
山东中奎网络科技有限公司,FASHSYF,时玉凤,+86-136-1636-2834,,Jinmalu 1391hao Shandong Weifang Cravens,,メンズ・スポーツ,https://www.qoo10.jp/g/1138753329
"Hong Kong Duola Pocket Co., Limited",夏の友情,金宏偉,+86-135-2621-9008,13526219008@163.com,"RM03, 24/F, HO KING COMM CTR, 2-16 FAYUEN ST, MONGKOK KOWLOON, HONG KONG KOWLOON MONG KOK FA YUEN STREET",,メンズ・スポーツ,https://www.qoo10.jp/g/1135817394
成都彦蓉恒坤家具有限公司,Arlene’s Boutique,,+86-176-2640-2812,erhao0101222@163.com,"No. 1535, Building 1, 15th Floor, No. 88, Guanghua South Third Road, Qingyang District, Chengdu City Qingyang, Chengdu, Sichuan",,メンズ・スポーツ,https://www.qoo10.jp/g/1188082289
香港億和泰貿易有限公司,四季のクローゼット,香港億和泰貿易有限公司,+852--6759-5169,13839406726@163.com,"Room 15,11/F, Wah Wui Plaza, 1008 Tai Nam West Street, Lai Chi Kok, Kowloon, Hong Kong KOWLOON CHEUNG SHA WAN TAI NAN WEST STREET",,メンズ・スポーツ,https://www.qoo10.jp/g/1181616211
HUANGGANGSHIRENRENJIADIANZISHANGWUYOUXIANGONGSI,NomadSummit,,+86-130-6239-1308,,"Group 1, Zhaojiayuan Village, Luotuao Town, Luotian County, Huanggang City, Hubei Province Luotian, Huanggang, Hubei",,メンズ・スポーツ,https://www.qoo10.jp/g/1194006303
义乌市海纳日用品有限公司,青い柚子,,+86-199-1884-1954,pearl_91@163.com,"1st Floor, Building 5, No. 205, Tongbao Road, Jiangdong Street, Yiwu City, Zhejiang Province (Self-d BEIYUAN STREET, YIWU, ZHEJIANG",,メンズ・スポーツ,https://www.qoo10.jp/g/1174106480
义乌市华蕃电子商务有限公司,Meet Hello Kitty,liping,+86-157-7314-6179,congzhangtu0@163.com,"Room 209, 2nd Floor, No. 267 Jingfa Avenue, Choujiang Street Zhejiang YIWU BEIYUAN STREET",,メンズ・スポーツ,https://www.qoo10.jp/g/1192238491
PUTIANSHIJINJIAJURIYONGPINYOUXIANGONGSI,クレヨン,JINJIAJURIYONGPINYOUXIANGONGSI,+86-167-1441-1610,,xijiedaoduanmingjie303hao Fujian Putian Hanjiang,,メンズ・スポーツ,https://www.qoo10.jp/g/1190304610
浙江义乌辛美国际贸易有限公司,NULI SHOP,柳丽,+86-186-5077-8048,,"Building 51, Building 51, No. 2, No. 401 401, No. 2 District, 2 Sanli Street Zhejiang Jinhua Yiwu",,メンズ・スポーツ,https://www.qoo10.jp/g/1155089098
定州梓诺体育用品有限公司,自由で強く,定州梓诺体育用品有限公司,+86-132-7280-9657,bjzi51@163.com,"Daqilian Village, Xicheng District, Dingzhou City Hebei Baoding Dingzhou",,メンズ・スポーツ,https://www.qoo10.jp/g/1193093917
WANG RUIPING,happylifeshop,,+86-182-6028-1692,,"ZHOUSHIZHENLUYANGHUAYANGLU333haowanyuehuayuan115-1703 Kunshan, Suzhou, Jiangsu",,メンズ・スポーツ,https://www.qoo10.jp/g/1165788244
"HONGKONG GUANGFA TRANSPORT CO., LIMITED",arrivean,常金全,+852--4625-5647,mmte977@163.com,"RM H020, 3/F, PHASE 2, KWAI SHING IND. BUILDING, 42-46 TAI LIN PAI RD., KWAI CHUNG, NT HONG KONG NEW TERRITORIES KWAI CHUNG TAI LIN PAI ROAD",,メンズ・スポーツ,https://www.qoo10.jp/g/1176824424
昆山开发区锐逸之实验仪器经验部,ボニール,LICHANGXIA,+86-138-3084-6187,,QIANJINZHONGLU285HAOBOYUESHANGWUDASHA219SHI Jiangsu Suzhou Kunshan,,メンズ・スポーツ,https://www.qoo10.jp/g/1190502563
东莞掌洲电子商贸有限公司,SIRI,东莞掌洲电子商贸有限公司,+86-130-4490-3560,bu2258964454@163.com,"No. 1, Huanghuang Road, Nancheng Street, Dongguan City, Guangdong Province Guangdong Dongguan Dongguan",,メンズ・スポーツ,https://www.qoo10.jp/g/1187699438
深圳市聚彩科技有限公司,YUYUlA,深圳市聚彩科技有限公司,+86-171-2134-5628,,xinanjiedao49qu11louashi Guangdong Shenzhen Bao,,メンズ・スポーツ,https://www.qoo10.jp/g/1093364506
